time_s,dist_cm,dac_i2c
0.002,63.984376,8
0.111,63.984376,16
0.22,63.984376,24
0.329,63.984376,32
0.438,63.984376,40
0.547,63.984376,48
0.657,63.984376,56
0.766,63.984376,64
0.875,63.984376,72
0.985,63.984376,80
1.094,63.984376,88
1.244,63.984376,96
1.354,63.984376,104
1.463,63.984376,112
1.572,63.984376,120
1.682,63.984376,128
1.792,63.984376,136
1.902,63.984376,144
2.012,63.984376,152
2.167,63.984376,160
2.277,63.984376,168
2.387,63.984376,176
2.497,63.984376,184
2.607,63.984376,192
2.751,63.984376,200
2.893,63.984376,208
3.038,63.984376,216
3.184,63.984376,224
3.325,63.984376,232
3.507,63.984376,240
3.65,63.984376,248
3.79,63.984376,256
3.939,63.984376,264
4.081,63.984376,272
4.224,63.984376,280
4.367,63.984376,288
4.513,63.984376,296
4.66,63.984376,304
4.801,63.984376,312
4.944,63.984376,320
5.085,63.984376,328
5.227,63.984376,336
5.375,63.984376,344
5.521,63.984376,352
5.663,63.984376,360
5.857,63.984376,368
6.003,63.984376,376
6.146,63.984376,384
6.289,63.984376,392
6.434,63.984376,400
6.579,63.984376,408
6.726,63.984376,416
6.873,63.984376,424
7.023,63.984376,432
7.168,63.984376,440
7.313,63.984376,448
7.463,63.984376,456
7.608,63.984376,464
7.755,63.984376,472
7.9,63.984376,480
8.048,63.984376,488
8.233,63.984376,496
8.379,63.984376,504
8.523,63.984376,512
8.669,63.984376,520
8.815,63.984376,528
8.968,63.984376,536
9.117,63.984376,544
9.263,63.984376,552
9.408,63.984376,560
9.555,63.984376,568
9.7,63.984376,576
9.844,63.984376,584
9.989,63.984376,592
10.14,63.984376,600
10.287,63.984376,608
10.436,63.984376,616
10.633,63.984376,624
10.78,63.984376,632
10.926,63.984376,640
11.071,63.984376,648
11.216,63.984376,656
11.366,63.984376,664
11.517,63.984376,672
11.667,63.984376,680
11.817,20.5156252,688
11.967,16.15625,696
12.117,11.828125,704
12.267,8.984375,712
12.417,6.8125,720
12.566,8.28125,728
12.712,11.65625,736
12.859,15.65625,744
13.048,20.3281252,752
13.201,24.375,760
13.347,27.4531236,768
13.5,30.3593736,776
13.653,34.1875,784
13.802,36.421876,792
13.956,35.421876,800
14.106,30.9843736,808
14.26,26.40625,816
14.407,22.65625,824
14.555,19.3593744,832
14.709,16.109375,840
14.859,13.3125,848
15.005,11.046875,856
15.159,9.09375,864
15.307,7.90625,872
15.505,10.671875,880
15.661,14.40625,888
15.809,17.7343736,896
15.96,21.09375,904
16.109,23.7343736,912
16.268,26.0156252,920
16.424,28.2343736,928
16.58,30.3593736,936
16.734,32.578124,944
16.89,34.1875,952
17.039,34.859376,960
17.192,33.671876,968
17.343,31.7656268,976
17.499,29.65625,984
17.654,27.625,992
17.804,25.7968752,1000
17.998,23.6093744,1008
18.152,21.875,1016
18.303,20.0,1024
18.455,17.84375,1032
18.612,15.90625,1040
18.768,13.921875,1048
18.923,12.25,1056
19.074,10.890625,1064
19.227,9.75,1072
19.378,8.859375,1080
19.528,7.90625,1088
19.683,7.109375,1096
19.845,6.390625,1104
19.998,5.890625,1112
20.16,6.1875,1120
20.312,7.21875,1128
20.509,8.75,1136
20.666,10.21875,1144
20.818,11.421875,1152
20.976,12.984375,1160
21.135,14.65625,1168
21.293,16.046875,1176
21.453,17.5625,1184
21.605,19.1875,1192
21.757,20.6093744,1200
21.916,21.9843736,1208
22.078,23.5468752,1216
22.237,25.4218752,1224
22.399,27.4531236,1232
22.562,28.875,1240
22.717,30.25,1248
22.868,31.640626,1256
23.065,33.9375,1264
23.219,33.9375,1272
23.379,31.3125,1280
23.537,27.71875,1288
23.697,24.375,1296
23.852,22.1406252,1304
24.011,19.1875,1312
24.165,16.640625,1320
24.321,14.921875,1328
24.481,13.359375,1336
24.637,11.859375,1344
24.801,10.171875,1352
24.961,8.640625,1360
25.122,7.609375,1368
25.284,6.6875,1376
25.438,6.8125,1384
25.64,8.328125,1392
25.795,9.65625,1400
25.95,11.171875,1408
26.11,12.84375,1416
26.27,14.1875,1424
26.43,15.8125,1432
26.59,18.25,1440
26.747,20.28125,1448
26.904,21.7656252,1456
27.066,22.7031252,1464
27.227,24.0468752,1472
27.391,26.09375,1480
27.549,28.2343736,1488
27.714,29.65625,1496
27.876,30.78125,1504
28.032,32.21875,1512
28.23,32.453124,1520
28.399,26.1718752,1528
28.56,19.8281252,1536
28.759,12.390625,1544
28.903,14.28125,1552
29.046,21.7656252,1560
29.193,16.609375,1568
29.333,12.03125,1576
29.472,21.4531252,1584
29.616,25.5781252,1592
29.759,16.28125,1600
29.903,8.515625,1608
30.043,13.0625,1616
30.185,23.9218752,1624
30.329,33.421876,1632
30.469,63.984376,1640
30.658,63.984376,1648
30.8,63.984376,1656
30.94,63.984376,1664
31.082,63.984376,1672
31.225,31.9843736,1680
31.369,30.046876,1688
31.516,24.3125,1696
31.656,19.96875,1704
31.797,16.15625,1712
31.937,13.515625,1720
32.081,11.84375,1728
32.224,10.734375,1736
32.37,9.859375,1744
32.514,9.125,1752
32.655,9.515625,1760
32.796,12.375,1768
32.978,16.90625,1776
33.12,20.5625,1784
33.266,23.9843736,1792
33.416,26.6406252,1800
33.564,29.546876,1808
33.71,31.9843736,1816
33.854,33.171876,1824
33.996,32.34375,1832
34.137,63.984376,1840
34.279,63.984376,1848
34.425,63.984376,1856
34.57,33.546876,1864
34.715,31.53125,1872
34.865,26.875,1880
35.007,22.25,1888
35.148,18.8593744,1896
35.344,15.546875,1904
35.49,12.875,1912
35.634,10.078125,1920
35.787,7.859375,1928
35.93,6.578125,1936
36.075,7.53125,1944
36.216,9.5,1952
36.356,11.984375,1960
36.503,15.09375,1968
36.65,18.5468752,1976
36.799,21.9218752,1984
36.946,25.28125,1992
37.091,28.15625,2000
37.238,30.5625,2008
37.385,33.0625,2016
37.528,34.859376,2024
37.714,35.28125,2032
37.86,32.34375,2040
38.005,28.2343736,2048
38.154,24.71875,2056
38.305,21.34375,2064
38.449,18.1406252,2072
38.596,15.25,2080
38.74,12.90625,2088
38.887,10.890625,2096
39.035,9.171875,2104
39.184,8.171875,2112
39.335,8.359375,2120
39.485,10.390625,2128
39.633,12.953125,2136
39.781,15.546875,2144
39.927,17.9218752,2152
40.124,21.09375,2160
40.275,23.2343736,2168
40.428,25.3593744,2176
40.586,27.71875,2184
40.734,30.046876,2192
40.886,32.109376,2200
41.037,32.453124,2208
41.192,29.84375,2216
41.339,26.3281252,2224
41.494,22.09375,2232
41.647,17.9218752,2240
41.802,15.25,2248
41.95,13.375,2256
42.096,11.546875,2264
42.247,9.984375,2272
42.397,8.640625,2280
42.589,8.53125,2288
42.743,10.765625,2296
42.896,13.046875,2304
43.048,15.59375,2312
43.199,18.625,2320
43.348,21.5,2328
43.493,24.1875,2336
43.64,26.6406252,2344
43.794,29.3593736,2352
43.953,31.640626,2360
44.109,32.34375,2368
44.265,28.78125,2376
44.418,24.5156252,2384
44.57,20.46875,2392
44.72,17.0,2400
44.869,14.046875,2408
45.07,10.953125,2416
45.222,8.921875,2424
45.374,7.171875,2432
45.531,8.671875,2440
45.686,11.734375,2448
45.837,15.078125,2456
45.99,19.03125,2464
46.139,22.875,2472
46.292,26.5625,2480
46.446,29.65625,2488
46.597,32.21875,2496
46.75,34.0625,2504
46.907,33.546876,2512
47.061,30.046876,2520
47.215,24.78125,2528
47.365,19.4843736,2536
47.554,13.765625,2544
47.711,10.234375,2552
47.865,8.015625,2560
48.016,7.453125,2568
48.174,10.015625,2576
48.329,13.140625,2584
48.486,16.8593744,2592
48.643,22.4843736,2600
48.796,63.984376,2608
48.95,63.984376,2616
49.109,63.984376,2624
49.269,63.984376,2632
49.422,63.984376,2640
49.577,63.984376,2648
49.735,63.984376,2656
49.893,63.984376,2664
50.095,63.984376,2672
50.254,63.984376,2680
50.414,63.984376,2688
50.572,63.984376,2696
50.729,63.984376,2704
50.89,63.984376,2712
51.05,63.984376,2720
51.209,63.984376,2728
51.372,63.984376,2736
51.53,63.984376,2744
51.686,63.984376,2752
51.849,63.984376,2760
52.017,63.984376,2768
52.174,63.984376,2776
52.332,63.984376,2784
52.488,63.984376,2792
52.682,63.984376,2800
52.843,63.984376,2808
53.001,63.984376,2816
53.163,63.984376,2824
53.321,63.984376,2832
53.478,63.984376,2840
53.637,63.984376,2848
53.795,63.984376,2856
53.953,63.984376,2864
54.11,63.984376,2872
54.274,63.984376,2880
54.435,63.984376,2888
54.595,63.984376,2896
54.753,63.984376,2904
54.909,63.984376,2912
55.067,63.984376,2920
55.274,63.984376,2928
55.433,63.984376,2936
55.595,63.984376,2944
55.753,63.984376,2952
55.915,63.984376,2960
56.073,63.984376,2968
56.235,63.984376,2976
56.395,63.984376,2984
56.556,63.984376,2992
56.722,63.984376,3000
56.915,63.984376,3008
57.056,63.984376,3016
57.193,63.984376,3024
57.34,63.984376,3032
57.481,63.984376,3040
57.622,63.984376,3048
57.803,63.984376,3056
57.948,63.984376,3064
58.093,63.984376,3072
58.231,63.984376,3080
58.371,63.984376,3088
58.509,63.984376,3096
58.649,63.984376,3104
58.793,63.984376,3112
58.936,63.984376,3120
59.076,63.984376,3128
59.22,63.984376,3136
59.364,63.984376,3144
59.505,63.984376,3152
59.646,63.984376,3160
59.788,63.984376,3168
59.928,63.984376,3176
60.118,63.984376,3184
60.261,63.984376,3192
60.406,63.984376,3200
60.548,63.984376,3208
60.689,63.984376,3216
60.839,63.984376,3224
60.98,63.984376,3232
61.125,63.984376,3240
61.268,63.984376,3248
61.412,63.984376,3256
61.555,63.984376,3264
61.697,63.984376,3272
61.839,63.984376,3280
61.981,63.984376,3288
62.123,63.984376,3296
62.271,63.984376,3304
62.452,63.984376,3312
62.597,63.984376,3320
62.739,63.984376,3328
62.884,63.984376,3336
63.026,63.984376,3344
63.17,63.984376,3352
63.312,63.984376,3360
63.46,63.984376,3368
63.604,63.984376,3376
63.752,63.984376,3384
63.899,63.984376,3392
64.043,63.984376,3400
64.187,63.984376,3408
64.331,63.984376,3416
64.474,63.984376,3424
64.621,63.984376,3432
64.818,63.984376,3440
64.962,63.984376,3448
65.108,63.984376,3456
65.255,63.984376,3464
65.403,63.984376,3472
65.55,63.984376,3480
65.698,63.984376,3488
65.848,63.984376,3496
65.995,63.984376,3504
66.143,63.984376,3512
66.294,63.984376,3520
66.451,63.984376,3528
66.598,63.984376,3536
66.746,63.984376,3544
66.895,63.984376,3552
67.044,63.984376,3560
67.236,63.984376,3568
67.384,63.984376,3576
67.532,63.984376,3584
67.68,63.984376,3592
67.824,63.984376,3600
67.972,63.984376,3608
68.12,63.984376,3616
68.267,63.984376,3624
68.418,63.984376,3632
68.567,63.984376,3640
68.723,63.984376,3648
68.875,63.984376,3656
69.023,63.984376,3664
69.17,63.984376,3672
69.319,63.984376,3680
69.471,63.984376,3688
69.67,63.984376,3696
69.821,63.984376,3704
69.971,63.984376,3712
70.124,63.984376,3720
70.272,63.984376,3728
70.42,63.984376,3736
70.569,63.984376,3744
70.723,63.984376,3752
70.876,63.984376,3760
71.029,63.984376,3768
71.181,63.984376,3776
71.331,63.984376,3784
71.481,63.984376,3792
71.633,63.984376,3800
71.788,63.984376,3808
71.944,63.984376,3816
72.134,63.984376,3824
72.286,63.984376,3832
72.438,63.984376,3840
72.592,63.984376,3848
72.741,63.984376,3856
72.896,63.984376,3864
73.057,63.984376,3872
73.211,63.984376,3880
73.37,63.984376,3888
73.524,63.984376,3896
73.676,63.984376,3904
73.835,63.984376,3912
73.987,63.984376,3920
74.141,63.984376,3928
74.297,63.984376,3936
74.455,63.984376,3944
74.658,63.984376,3952
74.81,63.984376,3960
74.964,63.984376,3968
75.121,63.984376,3976
75.279,63.984376,3984
75.434,63.984376,3992
75.59,63.984376,4000
75.746,63.984376,4008
75.902,63.984376,4016
76.054,63.984376,4024
76.208,63.984376,4032
76.363,63.984376,4040
76.523,63.984376,4048
76.682,63.984376,4056
76.841,63.984376,4064
76.997,63.984376,4072
77.19,63.984376,4080
77.346,63.984376,4088
77.499,63.984376,-4096
77.655,63.984376,-4088
77.808,63.984376,-4080
77.969,63.984376,-4072
78.129,63.984376,-4064
78.29,63.984376,-4056
78.452,63.984376,-4048
78.607,63.984376,-4040
78.765,63.984376,-4032
78.919,63.984376,-4024
79.075,63.984376,-4016
79.234,63.984376,-4008
79.392,63.984376,-4000
79.551,63.984376,-3992
79.761,63.984376,-3984
79.917,63.984376,-3976
80.074,63.984376,-3968
80.231,63.984376,-3960
80.387,63.984376,-3952
80.549,63.984376,-3944
80.706,63.984376,-3936
80.866,63.984376,-3928
81.028,63.984376,-3920
81.185,63.984376,-3912
81.342,63.984376,-3904
81.51,63.984376,-3896
81.667,63.984376,-3888
81.83,63.984376,-3880
81.991,63.984376,-3872
82.152,63.984376,-3864
82.354,63.984376,-3856
82.514,63.984376,-3848
82.671,63.984376,-3840
82.83,63.984376,-3832
82.992,63.984376,-3824
83.156,63.984376,-3816
83.316,63.984376,-3808
83.478,63.984376,-3800
83.64,63.984376,-3792
83.798,63.984376,-3784
83.99,63.984376,-3776
84.13,63.984376,-3768
84.27,63.984376,-3760
84.412,63.984376,-3752
84.552,63.984376,-3744
84.693,63.984376,-3736
84.87,63.984376,-3728
85.011,63.984376,-3720
85.152,63.984376,-3712
85.293,63.984376,-3704
85.435,63.984376,-3696
85.579,63.984376,-3688
85.721,63.984376,-3680
85.864,63.984376,-3672
86.008,63.984376,-3664
86.15,63.984376,-3656
86.297,63.984376,-3648
86.445,63.984376,-3640
86.59,63.984376,-3632
86.734,63.984376,-3624
86.873,63.984376,-3616
87.014,63.984376,-3608
87.193,63.984376,-3600
87.337,63.984376,-3592
87.483,63.984376,-3584
87.628,63.984376,-3576
87.773,63.984376,-3568
87.921,63.984376,-3560
88.064,63.984376,-3552
88.207,63.984376,-3544
88.35,63.984376,-3536
88.493,63.984376,-3528
88.638,63.984376,-3520
88.786,63.984376,-3512
88.93,63.984376,-3504
89.072,63.984376,-3496
89.213,63.984376,-3488
89.356,63.984376,-3480
89.534,63.984376,-3472
89.68,63.984376,-3464
89.827,63.984376,-3456
89.972,63.984376,-3448
90.116,63.984376,-3440
90.262,63.984376,-3432
90.411,63.984376,-3424
90.554,63.984376,-3416
90.699,63.984376,-3408
90.847,63.984376,-3400
90.993,63.984376,-3392
91.137,63.984376,-3384
91.29,63.984376,-3376
91.436,63.984376,-3368
91.581,63.984376,-3360
91.727,63.984376,-3352
91.914,63.984376,-3344
92.062,63.984376,-3336
92.21,63.984376,-3328
92.358,63.984376,-3320
92.508,63.984376,-3312
92.656,63.984376,-3304
92.805,63.984376,-3296
92.949,63.984376,-3288
93.096,63.984376,-3280
93.246,63.984376,-3272
93.394,63.984376,-3264
93.547,63.984376,-3256
93.695,63.984376,-3248
93.842,63.984376,-3240
93.993,63.984376,-3232
94.143,63.984376,-3224
94.325,63.984376,-3216
94.475,63.984376,-3208
94.625,63.984376,-3200
94.777,63.984376,-3192
94.925,63.984376,-3184
95.073,63.984376,-3176
95.223,63.984376,-3168
95.372,63.984376,-3160
95.523,63.984376,-3152
95.678,63.984376,-3144
95.828,63.984376,-3136
95.977,63.984376,-3128
96.128,63.984376,-3120
96.277,63.984376,-3112
96.425,63.984376,-3104
96.571,63.984376,-3096
96.759,63.984376,-3088
96.915,63.984376,-3080
97.067,63.984376,-3072
97.224,63.984376,-3064
97.376,63.984376,-3056
97.526,63.984376,-3048
97.676,63.984376,-3040
97.826,63.984376,-3032
97.978,63.984376,-3024
98.129,63.984376,-3016
98.282,63.984376,-3008
98.44,63.984376,-3000
98.596,63.984376,-2992
98.747,63.984376,-2984
98.899,63.984376,-2976
99.051,63.984376,-2968
99.239,63.984376,-2960
99.395,63.984376,-2952
99.547,63.984376,-2944
99.7,63.984376,-2936
99.858,63.984376,-2928
100.012,63.984376,-2920
100.164,63.984376,-2912
100.317,63.984376,-2904
100.469,63.984376,-2896
100.626,63.984376,-2888
100.782,63.984376,-2880
100.934,63.984376,-2872
101.092,63.984376,-2864
101.247,63.984376,-2856
101.402,63.984376,-2848
101.557,63.984376,-2840
101.748,63.984376,-2832
101.903,63.984376,-2824
102.061,63.984376,-2816
102.222,63.984376,-2808
102.377,63.984376,-2800
102.531,63.984376,-2792
102.689,63.984376,-2784
102.846,63.984376,-2776
103.001,63.984376,-2768
103.157,63.984376,-2760
103.316,63.984376,-2752
103.473,63.984376,-2744
103.628,63.984376,-2736
103.787,63.984376,-2728
103.947,63.984376,-2720
104.109,63.984376,-2712
104.31,63.984376,-2704
104.466,63.984376,-2696
104.622,63.984376,-2688
104.785,63.984376,-2680
104.951,63.984376,-2672
105.109,63.984376,-2664
105.265,63.984376,-2656
105.421,63.984376,-2648
105.578,63.984376,-2640
105.738,63.984376,-2632
105.896,63.984376,-2624
106.058,63.984376,-2616
106.215,63.984376,-2608
106.373,63.984376,-2600
106.533,63.984376,-2592
106.691,63.984376,-2584
106.888,63.984376,-2576
107.046,63.984376,-2568
107.21,63.984376,-2560
107.372,63.984376,-2552
107.532,63.984376,-2544
107.69,63.984376,-2536
107.847,63.984376,-2528
108.005,63.984376,-2520
108.163,63.984376,-2512
108.323,63.984376,-2504
108.488,63.984376,-2496
108.649,63.984376,-2488
108.811,63.984376,-2480
108.969,63.984376,-2472
109.132,63.984376,-2464
109.292,63.984376,-2456
109.491,63.984376,-2448
109.655,63.984376,-2440
