k,dist_cm,dac_i2c
1,9.9375,1500.0
2,10.015625,1500.0
3,10.140625,1500.0
4,10.234375,1499.9999
5,10.359375,1499.9999
6,10.484375,1499.9996
7,10.484375,1499.9993
8,10.6875,1499.9988
9,10.78125,1499.998
10,10.875,1499.997
11,10.96875,1499.9956
12,11.09375,1499.9938
13,11.171875,1499.9914
14,11.25,1499.9885
15,11.359375,1499.9848
16,11.484375,1499.9804
17,11.5625,1499.975
18,11.625,1499.9685
19,11.71875,1499.9609
20,11.796875,1499.952
21,11.890625,1499.9416
22,11.984375,1499.9297
23,11.984375,1499.916
24,11.984375,1499.9005
25,11.953125,1499.8828
26,11.90625,1499.8629
27,11.875,1499.8406
28,11.859375,1499.8157
29,11.765625,1499.7878
30,11.75,1499.757
31,11.6875,1499.7229
32,11.609375,1499.6854
33,11.53125,1499.6443
34,11.40625,1499.5991
35,11.296875,1499.5498
36,11.1875,1499.4961
37,11.078125,1499.4379
38,10.9375,1499.3745
39,10.84375,1499.306
40,10.71875,1499.232
41,10.578125,1499.1524
42,10.4375,1499.0666
43,10.3125,1498.9745
44,10.1875,1498.8757
45,10.015625,1498.7699
46,9.890625,1498.657
47,9.765625,1498.5364
48,9.609375,1498.4077
49,9.484375,1498.2709
50,9.375,1498.1254
51,9.28125,1497.971
52,9.171875,1497.807
53,9.078125,1497.6336
54,8.984375,1497.4498
55,8.984375,1497.2556
56,8.984375,1497.0506
57,8.734375,1496.8342
58,8.671875,1496.6063
59,8.578125,1496.3662
60,8.53125,1496.1136
61,8.484375,1495.8482
62,8.421875,1495.5692
63,8.359375,1495.2766
64,8.359375,1494.9696
65,8.265625,1494.648
66,8.21875,1494.3112
67,8.125,1493.9588
68,8.0625,1493.5901
69,7.984375,1493.205
70,7.890625,1492.8027
71,7.796875,1492.3829
72,7.71875,1491.9451
73,7.625,1491.4885
74,7.53125,1491.013
75,7.4375,1490.5178
76,7.34375,1490.0026
77,7.25,1489.4664
78,7.140625,1488.9092
79,7.046875,1488.3302
80,6.96875,1487.7288
81,6.859375,1487.1045
82,6.765625,1486.4568
83,6.671875,1485.785
84,6.59375,1485.0886
85,6.484375,1484.3671
86,6.390625,1483.6196
87,6.3125,1482.8458
88,6.203125,1482.0452
89,6.125,1481.2167
90,6.03125,1480.36
91,5.953125,1479.4745
92,5.859375,1478.5594
93,5.78125,1477.6144
94,5.703125,1476.6384
95,5.625,1475.6311
96,5.546875,1474.5916
97,5.46875,1473.5194
98,5.421875,1472.414
99,5.421875,1471.2743
100,5.28125,1470.0998
101,5.265625,1468.89
102,5.28125,1467.6439
103,5.3125,1466.3612
104,5.328125,1465.0409
105,5.328125,1463.6824
106,5.359375,1462.2848
107,5.375,1460.8476
108,5.40625,1459.3701
109,5.421875,1457.8514
110,5.4375,1456.2909
111,5.46875,1454.6879
112,5.5,1453.0415
113,5.53125,1451.3511
114,5.578125,1449.6157
115,5.609375,1447.835
116,5.609375,1446.0078
117,5.703125,1444.1337
118,5.75,1442.2116
119,5.796875,1440.2408
120,5.84375,1438.2208
121,5.84375,1436.1505
122,5.96875,1434.0293
123,6.03125,1431.8562
124,6.078125,1429.6307
125,6.140625,1427.3519
126,6.21875,1425.0188
127,6.28125,1422.631
128,6.34375,1420.1872
129,6.40625,1417.6872
130,6.46875,1415.1296
131,6.53125,1412.5139
132,6.59375,1409.8392
133,6.65625,1407.1047
134,6.71875,1404.3096
135,6.78125,1401.4531
136,6.859375,1398.5343
137,6.90625,1395.5525
138,6.96875,1392.5067
139,7.046875,1389.3962
140,7.09375,1386.2202
141,7.15625,1382.9778
142,7.15625,1379.6681
143,7.28125,1376.2904
144,7.34375,1372.8438
145,7.390625,1369.3274
146,7.453125,1365.7405
147,7.515625,1362.0822
148,7.5625,1358.3517
149,7.609375,1354.5481
150,7.609375,1350.6706
151,7.71875,1346.7184
152,7.78125,1342.6907
153,7.828125,1338.5866
154,7.875,1334.4052
155,7.875,1330.1459
156,7.953125,1325.8076
157,8.0,1321.3898
158,8.0625,1316.8912
159,8.09375,1312.3115
160,8.09375,1307.6495
161,8.171875,1302.9047
162,8.203125,1298.0759
163,8.234375,1293.1628
164,8.265625,1288.1643
165,8.28125,1283.0795
166,8.28125,1277.9078
167,8.34375,1272.6483
168,8.375,1267.3003
169,8.390625,1261.8629
170,8.421875,1256.3354
171,8.453125,1250.7172
172,8.484375,1245.0071
173,8.5,1239.2048
174,8.53125,1233.3093
175,8.5625,1227.3198
176,8.59375,1221.2358
177,8.625,1215.0563
178,8.625,1208.7809
179,8.703125,1202.4087
180,8.734375,1195.9387
181,8.75,1189.3707
182,8.921875,1182.7037
183,8.96875,1175.9372
184,8.984375,1169.0704
185,9.015625,1162.1028
186,9.03125,1155.0336
187,9.0625,1147.862
188,9.0625,1140.5878
189,9.09375,1133.21
190,9.15625,1125.728
191,9.1875,1118.1416
192,9.25,1110.4497
193,9.296875,1102.6521
194,9.296875,1094.748
195,9.40625,1086.737
196,9.453125,1078.6186
197,9.515625,1070.3921
198,9.578125,1062.0572
199,9.640625,1053.6133
200,9.640625,1045.0599
201,9.78125,1036.3966
202,9.84375,1027.6229
203,9.90625,1018.73848
204,9.984375,1009.74268
205,10.046875,1000.6356
206,10.046875,991.41624
207,10.046875,982.0846
208,10.265625,972.6403
209,10.328125,963.083
210,10.390625,953.412336
211,10.46875,943.62824
212,10.53125,933.7302
213,10.59375,923.718
214,10.65625,913.5916
215,10.703125,903.3506
216,10.765625,892.99496
217,10.796875,882.5243
218,10.859375,871.93864
219,10.9375,861.238
220,10.953125,850.42208
221,11.0,839.490832
222,11.03125,828.44432
223,11.078125,817.2825
224,11.09375,806.0053
225,11.140625,794.61272
226,11.171875,783.1051
227,11.1875,771.48208
228,11.203125,759.7441
229,11.21875,747.8912
230,11.234375,735.92344
231,11.25,723.8413
232,11.25,711.64468
233,11.25,699.334
234,11.234375,686.9094
235,11.234375,674.37144
236,11.21875,661.7202
237,11.203125,648.9562
238,11.1875,636.0797
239,11.171875,623.0914
240,11.140625,609.9914
241,11.109375,596.78048
242,11.109375,583.459
243,11.046875,570.02748
244,11.0,556.48676
245,11.0,542.83732
246,10.921875,529.07968
247,10.875,515.21484
248,10.8125,501.24312
249,10.765625,487.16584
250,10.71875,472.9832
251,10.671875,458.69644
252,10.609375,444.3064
253,10.5625,429.81384
254,10.5,415.21984
255,10.4375,400.5253
256,10.359375,385.73116
257,10.3125,370.8387
258,10.234375,355.84884
259,10.171875,340.7629
260,10.109375,325.58188
261,10.0625,310.30712
262,10.0,294.93982
263,9.9375,279.48138
264,9.859375,263.93298
265,9.8125,248.296
266,9.75,232.57206
267,9.6875,216.7626
268,9.625,200.86882
269,9.578125,184.89276
270,9.578125,168.83566
271,9.46875,152.69919
272,9.421875,136.48518
273,9.390625,120.1952
274,9.34375,103.83098
275,9.296875,87.39454
276,9.265625,70.887732
277,9.21875,54.312268
278,9.171875,37.6701
279,9.140625,20.963398
280,9.109375,4.1941884
281,9.078125,-12.635803
282,9.03125,-29.523916
283,9.015625,-46.468516
284,9.015625,-63.466856
285,8.953125,-80.517208
286,8.921875,-97.616904
287,8.890625,-114.763592
288,8.859375,-131.95508
289,8.84375,-149.18888
290,8.8125,-166.46236
291,8.78125,-183.773132
292,8.765625,-201.11846
293,8.734375,-218.4957
294,8.71875,-235.90254
295,8.703125,-253.33592
296,8.671875,-270.79306
297,8.65625,-288.27132
298,8.640625,-305.7677
299,8.609375,-323.27942
300,8.59375,-340.8036
301,8.578125,-358.33704
302,8.5625,-375.87664
303,8.546875,-393.41976
304,8.53125,-410.962736
305,8.515625,-428.50288
306,8.5,-446.03648
307,8.484375,-463.56076
308,8.46875,-481.0721
309,8.46875,-498.56724
310,8.453125,-516.0428
311,8.421875,-533.4954
312,8.421875,-550.9215
313,8.40625,-568.31744
314,8.390625,-585.68
315,8.390625,-603.0053
316,8.375,-620.28984
317,8.359375,-637.53016
318,8.34375,-654.7218
319,8.34375,-671.8619
320,8.328125,-688.946036
321,8.3125,-705.9706
322,8.296875,-722.9318
323,8.28125,-739.82548
324,8.28125,-756.64816
325,8.25,-773.3953
326,8.25,-790.0629
327,8.234375,-806.647636
328,8.21875,-823.14468
329,8.203125,-839.5505
330,8.1875,-855.860336
331,8.1875,-872.0702
332,8.171875,-888.1764
333,8.15625,-904.174
334,8.140625,-920.0592
335,8.125,-935.8276
336,8.09375,-951.47452
337,8.078125,-966.99648
338,8.078125,-982.3883
339,8.046875,-997.64592
340,8.03125,-1012.7648
341,8.015625,-1027.7407
342,8.015625,-1042.5692
343,7.984375,-1057.2456
344,7.953125,-1071.7656
345,7.953125,-1086.1245
346,7.90625,-1100.3184
347,7.890625,-1114.3419
348,7.875,-1128.1908
349,7.875,-1141.8608
350,7.84375,-1155.3472
351,7.8125,-1168.6455
352,7.8125,-1181.7508
353,7.78125,-1194.6589
354,7.75,-1207.3652
355,7.71875,-1219.865
356,7.703125,-1232.1537
357,7.59375,-1244.2268
358,7.59375,-1256.0796
359,7.59375,-1267.7078
360,7.5625,-1279.1064
361,7.546875,-1290.2712
362,7.53125,-1301.1975
363,7.53125,-1311.881
364,7.515625,-1322.317
365,7.484375,-1332.5008
366,7.46875,-1342.4282
367,7.4375,-1352.0947
368,7.40625,-1361.4958
369,7.390625,-1370.6271
370,7.359375,-1379.4842
371,7.328125,-1388.0628
372,7.328125,-1396.3582
373,7.28125,-1404.3664
374,7.25,-1412.0831
375,7.21875,-1419.5042
376,7.203125,-1426.625
377,7.171875,-1433.442
378,7.140625,-1439.9504
379,7.109375,-1446.1465
380,7.09375,-1452.0262
381,7.0625,-1457.5854
382,7.03125,-1462.8203
383,7.015625,-1467.7269
384,6.984375,-1472.3015
385,6.953125,-1476.5402
386,6.9375,-1480.4392
387,6.90625,-1483.995
388,6.890625,-1487.204
389,6.859375,-1490.0625
390,6.84375,-1492.5672
391,6.8125,-1494.7146
392,6.796875,-1496.5015
393,6.765625,-1497.9244
394,6.765625,-1498.9805
395,6.71875,-1499.6664
396,6.703125,-1499.9791
397,6.671875,-1499.916
398,6.65625,-1499.4739
399,6.640625,-1498.6502
400,6.625,-1497.4421
401,6.609375,-1495.8473
402,6.59375,-1493.8632
403,6.578125,-1491.4873
404,6.5625,-1488.7175
405,6.546875,-1485.5518
406,6.53125,-1481.9877
407,6.53125,-1478.0236
408,6.515625,-1473.6574
409,6.515625,-1468.8876
410,6.5,-1463.7125
411,6.5,-1458.1306
412,6.5,-1452.1406
413,6.5,-1445.7411
414,6.484375,-1438.9312
415,6.484375,-1431.7097
416,6.484375,-1424.0758
417,6.5,-1416.0287
418,6.5,-1407.5679
419,6.5,-1398.6929
420,6.5,-1389.4031
421,6.515625,-1379.6988
422,6.515625,-1369.5796
423,6.53125,-1359.0458
424,6.53125,-1348.0975
425,6.546875,-1336.7351
426,6.5625,-1324.9592
427,6.578125,-1312.7705
428,6.59375,-1300.1698
429,6.59375,-1287.1582
430,6.625,-1273.7366
431,6.640625,-1259.9065
432,6.640625,-1245.6696
433,6.65625,-1231.0271
434,6.671875,-1215.9812
435,6.6875,-1200.5337
436,6.71875,-1184.6866
437,6.734375,-1168.4426
438,6.75,-1151.8038
439,6.78125,-1134.7732
440,6.796875,-1117.3534
441,6.8125,-1099.5476
442,6.828125,-1081.3586
443,6.84375,-1062.79
444,6.875,-1043.8457
445,6.890625,-1024.5287
446,6.890625,-1004.8436
447,6.921875,-984.7941
448,6.953125,-964.3845
449,6.96875,-943.6192
450,6.984375,-922.5028
451,7.0,-901.0401
452,7.015625,-879.2368
453,7.046875,-857.09672
454,7.0625,-834.6267
455,7.078125,-811.8314
456,7.09375,-788.7168
457,7.109375,-765.2886
458,7.109375,-741.55304
459,7.15625,-717.5164
460,7.15625,-693.1851
461,7.171875,-668.5666
462,7.203125,-643.66624
463,7.21875,-618.4925
464,7.21875,-593.0519
465,7.234375,-567.3518
466,7.25,-541.39984
467,7.265625,-515.2038
468,7.28125,-488.7715
469,7.296875,-462.11188
470,7.296875,-435.231768
471,7.328125,-408.141032
472,7.328125,-380.8469
473,7.328125,-353.35964
474,7.34375,-325.6875
475,7.359375,-297.83966
476,7.359375,-269.8254
477,7.375,-241.65498
478,7.375,-213.33658
479,7.390625,-184.88074
480,7.390625,-156.29812
481,7.40625,-127.59814
482,7.40625,-98.79107
483,7.40625,-69.887348
484,7.421875,-40.897524
485,7.421875,-11.8323344
486,7.421875,17.297378
487,7.421875,46.479908
488,7.4375,75.70556
489,7.4375,104.96163
490,7.4375,134.23749
491,7.4375,163.52231
492,7.4375,192.803068
493,7.4375,222.068708
494,7.4375,251.30668
495,7.421875,280.5065
496,7.421875,309.65532
497,7.421875,338.7404
498,7.421875,367.750036
499,7.40625,396.67272
500,7.40625,425.49464
501,7.40625,454.203968
502,7.40625,482.7881
503,7.390625,511.23384
504,7.375,539.5297
505,7.375,567.66176
506,7.359375,595.61832
507,7.359375,623.3855
508,7.34375,650.95084
509,7.34375,678.301636
510,7.328125,705.42472
511,7.3125,732.3074
512,7.296875,758.9365
513,7.296875,785.299
514,7.28125,811.38152
515,7.265625,837.1722
516,7.25,862.6568
517,7.234375,887.8232
518,7.21875,912.6582
519,7.203125,937.14904
520,7.1875,961.28296
521,7.171875,985.0472
522,7.15625,1008.42832
523,7.140625,1031.4148
524,7.125,1053.993
525,7.109375,1076.151
526,7.078125,1097.8762
527,7.0625,1119.1564
528,7.046875,1139.9791
529,7.03125,1160.3326
530,6.953125,1180.2046
531,6.9375,1199.5828
532,6.921875,1218.4563
533,6.90625,1236.8128
534,6.890625,1254.6409
535,6.890625,1271.9299
536,6.875,1288.6681
537,6.859375,1304.8442
538,6.828125,1320.4484
539,6.828125,1335.4695
540,6.78125,1349.8968
541,6.78125,1363.721
542,6.75,1376.9313
543,6.71875,1389.5181
544,6.6875,1401.472
545,6.6875,1412.784
546,6.640625,1423.4447
547,6.625,1433.4453
548,6.59375,1442.7775
549,6.578125,1451.4328
550,6.546875,1459.4033
551,6.515625,1466.6813
552,6.5,1473.2594
553,6.484375,1479.1307
554,6.453125,1484.2882
555,6.421875,1488.7256
556,6.40625,1492.4366
557,6.390625,1495.4154
558,6.359375,1497.6566
559,6.34375,1499.1552
560,6.34375,1499.9062
561,6.3125,1499.9053
562,6.3125,1499.1484
563,6.265625,1497.6322
564,6.25,1495.353
565,6.25,1492.308
566,6.21875,1488.4946
567,6.203125,1483.9111
568,6.1875,1478.5556
569,6.171875,1472.4265
570,6.171875,1465.5236
571,6.15625,1457.8458
572,6.140625,1449.3936
573,6.140625,1440.1671
574,6.140625,1430.1675
575,6.125,1419.3956
576,6.125,1407.8539
577,6.125,1395.5438
578,6.125,1382.4685
579,6.125,1368.631
580,6.125,1354.0349
581,6.125,1338.6841
582,6.125,1322.5832
583,6.140625,1305.7377
584,6.140625,1288.1521
585,6.140625,1269.8332
586,6.15625,1250.7871
587,6.171875,1231.0203
588,6.171875,1210.5408
589,6.1875,1189.3562
590,6.203125,1167.475
591,6.21875,1144.9062
592,6.234375,1121.6584
593,6.25,1097.7422
594,6.25,1073.167
595,6.25,1047.9446
596,6.296875,1022.0856
597,6.3125,995.60176
598,6.3125,968.50525
599,6.34375,940.808864
600,6.34375,912.5255
601,6.390625,883.6695
602,6.40625,854.2537
603,6.421875,824.29376
604,6.453125,793.80416
605,6.46875,762.7997
606,6.46875,731.29736
607,6.46875,699.3129
608,6.53125,666.8637
609,6.5625,633.9657
610,6.578125,600.6371
611,6.59375,566.8964
612,6.609375,532.76168
613,6.640625,498.25076
614,6.65625,463.38436
615,6.671875,428.18136
616,6.671875,392.661632
617,6.703125,356.84628
618,6.734375,320.75456
619,6.75,284.40814
620,6.765625,247.82912
621,6.78125,211.03844
622,6.796875,174.05738
623,6.8125,136.90962
624,6.84375,99.61703
625,6.859375,62.202464
626,6.875,24.689722
627,6.890625,-12.89927
628,6.90625,-50.539492
629,6.90625,-88.208568
630,6.921875,-125.88105
631,6.9375,-163.53346
632,6.9375,-201.14138
633,6.96875,-238.68102
634,6.984375,-276.1262
635,7.0,-313.45144
636,7.0,-350.63464
637,7.0,-387.6493
638,7.015625,-424.4703
639,7.03125,-461.071136
640,7.046875,-497.429236
641,7.046875,-533.5167
642,7.0625,-569.3109
643,7.0625,-604.784
644,7.078125,-639.91324
645,7.09375,-674.6709
646,7.09375,-709.0332
647,7.109375,-742.975
648,7.109375,-776.4726
649,7.109375,-809.4987
650,7.125,-842.0299
651,7.125,-874.0415
652,7.140625,-905.5083
653,7.140625,-936.40816
654,7.140625,-966.7161
655,7.15625,-996.40856
656,7.15625,-1025.4607
657,7.15625,-1053.8519
658,7.15625,-1081.5579
659,7.171875,-1108.5554
660,7.171875,-1134.8241
661,7.171875,-1160.3402
662,7.171875,-1185.0832
663,7.171875,-1209.0331
664,7.171875,-1232.1674
665,7.171875,-1254.4667
666,7.1875,-1275.9114
667,7.1875,-1296.4823
668,7.1875,-1316.1605
669,7.1875,-1334.9278
670,7.1875,-1352.7668
671,7.1875,-1369.6602
672,7.1875,-1385.5908
673,7.1875,-1400.544
674,7.1875,-1414.5037
675,7.1875,-1427.4548
676,7.1875,-1439.3843
677,7.1875,-1450.278
678,7.1875,-1460.1239
679,7.1875,-1468.9093
680,7.1875,-1476.6234
681,7.1875,-1483.256
682,7.1875,-1488.7966
683,7.171875,-1493.2368
684,7.171875,-1496.5682
685,7.171875,-1498.7836
686,7.171875,-1499.876
687,7.171875,-1499.8401
688,7.171875,-1498.6706
689,7.171875,-1496.3638
690,7.171875,-1492.9162
691,7.15625,-1488.3257
692,7.15625,-1482.5907
693,7.15625,-1475.7109
694,7.15625,-1467.6862
695,7.15625,-1458.5184
696,7.15625,-1448.2096
697,7.15625,-1436.7623
698,7.140625,-1424.1815
699,7.140625,-1410.4716
700,7.140625,-1395.6388
701,7.140625,-1379.6893
702,7.140625,-1362.6321
703,7.140625,-1344.4755
704,7.125,-1325.2296
705,7.125,-1304.9044
706,7.109375,-1283.5118
707,7.09375,-1261.0646
708,7.09375,-1237.5764
709,7.09375,-1213.0626
710,7.09375,-1187.537
711,7.09375,-1161.0178
712,7.09375,-1133.5209
713,7.09375,-1105.066
714,7.09375,-1075.6708
715,7.09375,-1045.3573
716,7.078125,-1014.14592
717,7.078125,-982.0585
718,7.0625,-949.11668
719,7.0625,-915.34668
720,7.0625,-880.7721
721,7.0625,-845.4184
722,7.0625,-809.311936
723,7.046875,-772.4812
724,7.03125,-734.9517
725,7.03125,-696.7535
726,7.03125,-657.9162
727,7.015625,-618.4714
728,7.015625,-578.44764
729,7.015625,-537.8793
730,7.0,-496.7962
731,7.0,-455.23424
732,7.0,-413.2259
733,6.984375,-370.8042
734,6.984375,-328.00692
735,6.96875,-284.86836
736,6.96875,-241.4246
737,6.953125,-197.71232
738,6.953125,-153.76874
739,6.9375,-109.6314
740,6.9375,-65.338392
741,6.921875,-20.928138
742,6.921875,23.560548
743,6.90625,68.087108
744,6.890625,112.61495
745,6.890625,157.10294
746,6.875,201.50974
747,6.875,245.79804
748,6.859375,289.92474
749,6.84375,333.85224
750,6.84375,377.53724
751,6.828125,420.9406
752,6.8125,464.0218
753,6.796875,506.74032
754,6.796875,549.05692
755,6.78125,590.9288
756,6.765625,632.31684
757,6.765625,673.17992
758,6.75,713.4808
759,6.75,753.1786
760,6.71875,792.23424
761,6.703125,830.6087
762,6.6875,868.2623
763,6.671875,905.1596
764,6.65625,941.2606
765,6.65625,976.53048
766,6.640625,1010.9305
767,6.625,1044.4259
768,6.609375,1076.9824
769,6.59375,1108.5635
770,6.59375,1139.1361
771,6.578125,1168.6674
772,6.5625,1197.1248
773,6.546875,1224.4769
774,6.53125,1250.6932
775,6.515625,1275.7439
776,6.5,1299.6002
777,6.484375,1322.2346
778,6.484375,1343.6195
779,6.46875,1363.7306
780,6.453125,1382.5427
781,6.453125,1400.0318
782,6.4375,1416.1768
783,6.421875,1430.9556
784,6.40625,1444.3491
785,6.40625,1456.3381
786,6.390625,1466.9059
787,6.390625,1476.0362
788,6.375,1483.715
789,6.375,1489.9284
790,6.359375,1494.6647
791,6.359375,1497.9137
792,6.34375,1499.6665
793,6.34375,1499.9156
794,6.34375,1498.6549
795,6.328125,1495.8802
796,6.328125,1491.5886
797,6.328125,1485.7786
798,6.328125,1478.4503
799,6.328125,1469.6058
800,6.328125,1459.2482
801,6.3125,1447.3827
802,6.3125,1434.0154
803,6.3125,1419.1552
804,6.328125,1402.8115
805,6.328125,1384.9958
806,6.328125,1365.7207
807,6.328125,1345.0018
808,6.328125,1322.855
809,6.328125,1299.2982
810,6.34375,1274.3516
811,6.34375,1248.035
812,6.34375,1220.3717
813,6.34375,1191.3862
814,6.359375,1161.1054
815,6.359375,1129.5547
816,6.375,1096.7642
817,6.375,1062.7654
818,6.390625,1027.5881
819,6.390625,991.26824
820,6.390625,953.8396
821,6.421875,915.3373
822,6.421875,875.8015
823,6.4375,835.2702
824,6.453125,793.78392
825,6.453125,751.38448
826,6.453125,708.1148
827,6.46875,664.0193
828,6.484375,619.1434
829,6.5,573.5336
830,6.5,527.2392
831,6.5,480.306036
832,6.53125,432.78544
833,6.53125,384.72936
834,6.546875,336.1868
835,6.5625,287.213
836,6.5625,237.85848
837,6.578125,188.18012
838,6.59375,138.23128
839,6.59375,88.06592
840,6.609375,37.74287
841,6.609375,-12.6828168
842,6.625,-63.154196
843,6.640625,-113.61394
844,6.65625,-164.00438
845,6.65625,-214.26762
846,6.671875,-264.34552
847,6.671875,-314.1798
848,6.6875,-363.71084
849,6.703125,-412.88312
850,6.703125,-461.63696
851,6.71875,-509.91296
852,6.71875,-557.656
853,6.734375,-604.80584
854,6.75,-651.3066
855,6.75,-697.102836
856,6.765625,-742.1356
857,6.78125,-786.35064
858,6.78125,-829.6928
859,6.78125,-872.1091
860,6.8125,-913.5434
861,6.8125,-953.9445
862,6.828125,-993.26056
863,6.84375,-1031.4397
864,6.84375,-1068.4347
865,6.859375,-1104.1957
866,6.859375,-1138.6756
867,6.875,-1171.8275
868,6.890625,-1203.6085
869,6.90625,-1233.9738
870,6.90625,-1262.8832
871,6.921875,-1290.2949
872,6.9375,-1316.172
873,6.9375,-1340.476
874,6.953125,-1363.1726
875,6.953125,-1384.229
876,6.96875,-1403.6123
877,6.984375,-1421.2937
878,7.0,-1437.2455
879,7.0,-1451.4418
880,7.015625,-1463.8591
881,7.015625,-1474.4757
882,7.03125,-1483.2727
883,7.046875,-1490.2327
884,7.078125,-1495.3406
885,7.09375,-1498.5836
886,7.09375,-1499.9515
887,7.09375,-1499.4362
888,7.109375,-1497.0318
889,7.109375,-1492.7352
890,7.109375,-1486.5453
891,7.109375,-1478.4635
892,7.125,-1468.494
893,7.140625,-1456.643
894,7.140625,-1442.9191
895,7.15625,-1427.334
896,7.15625,-1409.9012
897,7.171875,-1390.6372
898,7.171875,-1369.5606
899,7.171875,-1346.6926
900,7.1875,-1322.0568
901,7.203125,-1295.6796
902,7.203125,-1267.5891
903,7.203125,-1237.8184
904,7.21875,-1206.3972
905,7.21875,-1173.3633
906,7.234375,-1138.7544
907,7.234375,-1102.6128
908,7.234375,-1064.9777
909,7.25,-1025.8953
910,7.25,-985.415136
911,7.25,-943.5821
912,7.25,-900.4517
913,7.25,-856.07292
914,7.265625,-810.505536
915,7.265625,-763.802
916,7.265625,-716.0262
917,7.265625,-667.234
918,7.265625,-617.4929
919,7.265625,-566.8646
920,7.265625,-515.41224
921,7.265625,-463.20816
922,7.265625,-410.318432
923,7.265625,-356.8129
924,7.265625,-302.76
925,7.265625,-248.23754
926,7.265625,-193.31604
927,7.265625,-138.06982
928,7.265625,-82.57402
929,7.25,-26.904502
930,7.25,28.862192
931,7.25,84.64898
932,7.25,140.37834
933,7.234375,195.97238
934,7.234375,251.35304
935,7.21875,306.4421
936,7.21875,361.16136
937,7.21875,415.43264
938,7.203125,469.175384
939,7.1875,522.3175
940,7.1875,574.7791
941,7.1875,626.48364
942,7.171875,677.35268
943,7.15625,727.3162
944,7.140625,776.29752
945,7.125,824.2211
946,7.125,871.0198
947,7.125,916.61784
948,7.09375,960.9506
949,7.09375,1003.94576
950,7.078125,1045.5411
951,7.046875,1085.6678
952,7.03125,1124.2671
953,7.015625,1161.2742
954,7.015625,1196.6321
955,6.984375,1230.2855
956,6.984375,1262.1765
957,6.953125,1292.2546
958,6.9375,1320.4713
959,6.921875,1346.7762
960,6.90625,1371.126
961,6.890625,1393.4786
962,6.890625,1413.7948
963,6.84375,1432.0378
964,6.828125,1448.1742
965,6.8125,1462.1732
966,6.796875,1474.0072
967,6.78125,1483.652
968,6.75,1491.086
969,6.734375,1496.2914
970,6.703125,1499.2534
971,6.6875,1499.9604
972,6.671875,1498.4044
973,6.65625,1494.5809
974,6.640625,1488.489
975,6.609375,1480.1302
976,6.59375,1469.5108
977,6.578125,1456.6396
978,6.546875,1441.5308
979,6.53125,1424.1985
980,6.515625,1404.6647
981,6.515625,1382.9506
982,6.515625,1359.084
983,6.453125,1333.0966
984,6.4375,1305.0194
985,6.421875,1274.8927
986,6.390625,1242.7539
987,6.375,1208.6503
988,6.359375,1172.6274
989,6.34375,1134.7341
990,6.328125,1095.028
991,6.3125,1053.5636
992,6.296875,1010.3994
993,6.28125,965.6021
994,6.28125,919.2358
995,6.265625,871.36892
996,6.25,822.0732
997,6.234375,771.4227
998,6.234375,719.4914
999,6.21875,666.36348
1000,6.21875,612.11784
1001,6.203125,556.8382
1002,6.203125,500.61016
1003,6.203125,443.52148
1004,6.203125,385.66164
1005,6.203125,327.12464
1006,6.203125,267.9977
1007,6.1875,208.3778
1008,6.203125,148.3604
1009,6.203125,88.0421
1010,6.203125,27.5233236
1011,6.203125,-33.10324
1012,6.203125,-93.735692
1013,6.21875,-154.27448
1014,6.21875,-214.61686
1015,6.234375,-274.66852
1016,6.25,-334.32364
1017,6.25,-393.487968
1018,6.265625,-452.056436
1019,6.28125,-509.9354
1020,6.296875,-567.02108
1021,6.3125,-623.2212
1022,6.3125,-678.4339
1023,6.34375,-732.569136
1024,6.375,-785.52784
1025,6.390625,-837.2199
1026,6.421875,-887.557
1027,6.4375,-936.44548
1028,6.4375,-983.8007
1029,6.484375,-1029.5382
1030,6.515625,-1073.5774
1031,6.546875,-1115.8344
1032,6.578125,-1156.234
1033,6.59375,-1194.7019
1034,6.625,-1231.1666
1035,6.625,-1265.5599
1036,6.6875,-1297.8166
1037,6.71875,-1327.875
1038,6.71875,-1355.6769
1039,6.78125,-1381.1677
1040,6.8125,-1404.2966
1041,6.84375,-1425.0168
1042,6.875,-1443.2853
1043,6.90625,-1459.0624
1044,6.90625,-1472.315
1045,6.96875,-1483.0118
1046,7.0,-1491.1267
1047,7.03125,-1496.638
1048,7.0625,-1499.5288
1049,7.09375,-1499.7864
1050,7.140625,-1497.403
1051,7.15625,-1492.3745
1052,7.1875,-1484.7035
1053,7.234375,-1474.3946
1054,7.25,-1461.4601
1055,7.28125,-1445.9141
1056,7.3125,-1427.7781
1057,7.4375,-1407.0759
1058,7.4375,-1383.8389
1059,7.46875,-1358.1008
1060,7.46875,-1329.8994
1061,7.5,-1299.281
1062,7.5,-1266.2927
1063,7.515625,-1230.9862
1064,7.546875,-1193.4215
1065,7.546875,-1153.6592
1066,7.609375,-1111.7651
1067,7.625,-1067.8098
1068,7.640625,-1021.8676
1069,7.671875,-974.0168
1070,7.703125,-924.3374
1071,7.71875,-872.92
1072,7.734375,-819.852
1073,7.765625,-765.2289
1074,7.796875,-709.14232
1075,7.8125,-651.69432
1076,7.84375,-592.9874
1077,7.84375,-533.1271
1078,7.875,-472.22136
1079,7.890625,-410.380732
1080,7.90625,-347.720868
1081,7.921875,-284.35098
1082,7.9375,-220.39056
1083,7.96875,-155.96086
1084,7.984375,-91.17597
1085,8.0,-26.159776
1086,8.0,38.962836
1087,8.03125,104.07481
1088,8.046875,169.047084
1089,8.046875,233.76172
1090,8.046875,298.08932
1091,8.078125,361.912032
1092,8.09375,425.101
1093,8.109375,487.53936
1094,8.125,549.10004
1095,8.140625,609.6653
1096,8.140625,669.1185
1097,8.15625,727.3371
1098,8.15625,784.208
1099,8.171875,839.6176
1100,8.171875,893.457
1101,8.1875,945.6128
1102,8.203125,995.98148
1103,8.203125,1044.4602
1104,8.203125,1090.9491
1105,8.21875,1135.3522
1106,8.21875,1177.5768
1107,8.234375,1217.534
1108,8.234375,1255.1396
1109,8.25,1290.3131
1110,8.25,1322.9785
1111,8.25,1353.0644
1112,8.25,1380.5045
1113,8.25,1405.2363
1114,8.265625,1427.2053
1115,8.265625,1446.3592
1116,8.265625,1462.6527
1117,8.28125,1476.0444
1118,8.28125,1486.5015
1119,8.28125,1493.9942
1120,8.28125,1498.4992
1121,8.28125,1500.0
1122,8.296875,1498.4854
1123,8.296875,1493.9503
1124,8.296875,1486.3956
1125,8.3125,1475.8292
1126,8.3125,1462.2636
1127,8.3125,1445.7192
1128,8.3125,1426.2214
1129,8.3125,1403.8012
1130,8.328125,1378.4983
1131,8.328125,1350.3558
1132,8.328125,1319.4228
1133,8.328125,1285.7579
1134,8.328125,1249.4216
1135,8.328125,1210.482
1136,8.328125,1169.0123
1137,8.328125,1125.09
1138,8.328125,1078.8027
1139,8.328125,1030.239
1140,8.34375,979.4935
1141,8.34375,926.6662
1142,8.34375,871.86176
1143,8.34375,815.1896
1144,8.34375,756.7632
1145,8.34375,696.7007
1146,8.34375,635.1238
1147,8.34375,572.1608
1148,8.34375,507.9356
1149,8.34375,442.583
1150,8.34375,376.238336
1151,8.34375,309.03956
1152,8.34375,241.12992
1153,8.34375,172.64632
1154,8.34375,103.73592
1155,8.34375,34.547512
1156,8.34375,-34.77749
1157,8.34375,-104.08529
1158,8.34375,-173.232916
1159,8.34375,-242.0657
1160,8.34375,-310.44036
1161,8.34375,-378.20272
1162,8.34375,-445.2104
1163,8.34375,-511.31096
1164,8.34375,-576.3643
1165,8.34375,-640.2212
1166,8.34375,-702.7424
1167,8.34375,-763.78824
1168,8.34375,-823.2241
1169,8.34375,-880.9112
1170,8.34375,-936.72104
1171,8.34375,-990.5267
1172,8.34375,-1042.2045
1173,8.34375,-1091.6374
1174,8.34375,-1138.7067
1175,8.34375,-1183.3043
1176,8.34375,-1225.3254
1177,8.34375,-1264.6703
1178,8.34375,-1301.2449
1179,8.34375,-1334.9606
1180,8.34375,-1365.7351
1181,8.34375,-1393.4914
1182,8.34375,-1418.1619
1183,8.34375,-1439.6822
1184,8.34375,-1457.9963
1185,8.34375,-1473.0548
1186,8.34375,-1484.8152
1187,8.34375,-1493.2435
1188,8.34375,-1498.3118
1189,8.34375,-1500.0
1190,8.34375,-1498.296
1191,8.34375,-1493.1948
1192,8.359375,-1484.7001
1193,8.359375,-1472.8216
1194,8.359375,-1457.5791
1195,8.359375,-1438.9977
1196,8.359375,-1417.1128
1197,8.359375,-1391.9646
1198,8.359375,-1363.6046
1199,8.359375,-1332.0891
1200,8.359375,-1297.4812
1201,8.359375,-1259.8557
1202,8.359375,-1219.2906
1203,8.359375,-1175.871
1204,8.359375,-1129.6934
1205,8.359375,-1080.8568
1206,8.359375,-1029.468
1207,8.359375,-975.6404
1208,8.375,-919.4934
1209,8.375,-861.15024
1210,8.375,-800.746736
1211,8.375,-738.41704
1212,8.375,-674.30284
1213,8.375,-608.5504
1214,8.375,-541.31084
1215,8.375,-472.7418
1216,8.375,-402.9967
1217,8.375,-332.24064
1218,8.375,-260.63882
1219,8.375,-188.35936
1220,8.375,-115.5726
1221,8.375,-42.453704
1222,8.375,30.829278
1223,8.375,104.09861
1224,8.390625,177.175884
1225,8.390625,249.89098
1226,8.390625,322.06536
1227,8.390625,393.52116
1228,8.390625,464.08988
1229,8.390625,533.5935
1230,8.390625,601.8665
1231,8.390625,668.7353
1232,8.390625,734.039236
1233,8.390625,797.610836
1234,8.390625,859.2934
1235,8.390625,918.934464
1236,8.390625,976.3784
1237,8.390625,1031.482
1238,8.390625,1084.1064
1239,8.390625,1134.1123
1240,8.390625,1181.3723
1241,8.390625,1225.7638
1242,8.390625,1267.1699
1243,8.390625,1305.4828
1244,8.390625,1340.5972
1245,8.390625,1372.4198
1246,8.390625,1400.8636
1247,8.390625,1425.8498
1248,8.390625,1447.3079
1249,8.390625,1465.1756
1250,8.390625,1479.4
1251,8.390625,1489.9363
1252,8.390625,1496.7498
1253,8.390625,1499.8141
1254,8.390625,1499.1127
1255,8.390625,1494.638
1256,8.390625,1486.393
1257,8.390625,1474.3884
1258,8.390625,1458.6461
1259,8.390625,1439.1972
1260,8.390625,1416.083
1261,8.390625,1389.3517
1262,8.390625,1359.065
1263,8.390625,1325.2891
1264,8.390625,1288.1046
1265,8.390625,1247.596
1266,8.390625,1203.8601
1267,8.390625,1157.0038
1268,8.390625,1107.1362
1269,8.390625,1054.3826
1270,8.390625,998.8725
1271,8.390625,940.73392
1272,8.390625,880.12424
1273,8.390625,817.18584
1274,8.390625,752.0764
1275,8.390625,684.9647
1276,8.390625,616.01584
1277,8.390625,545.41048
1278,8.390625,473.32916
1279,8.390625,399.95156
1280,8.390625,325.46676
1281,8.390625,250.07316
1282,8.390625,173.966816
1283,8.390625,97.340668
1284,8.390625,20.395478
1285,8.390625,-56.66065
1286,8.390625,-133.62422
1287,8.390625,-210.2969
1288,8.390625,-286.4746
1289,8.390625,-361.94812
1290,8.390625,-436.515136
1291,8.390625,-509.9803
1292,8.390625,-582.1396
1293,8.390625,-652.80236
1294,8.390625,-721.770736
1295,8.390625,-788.8611
1296,8.390625,-853.8885
1297,8.390625,-916.6639
1298,8.390625,-977.027
1299,8.390625,-1034.796
1300,8.390625,-1089.8214
1301,8.390625,-1141.9359
1302,8.390625,-1191.003
1303,8.390625,-1236.8718
1304,8.390625,-1279.4171
1305,8.390625,-1318.5151
1306,8.390625,-1354.0485
1307,8.390625,-1385.9143
1308,8.390625,-1414.0149
1309,8.390625,-1438.2666
1310,8.390625,-1458.5922
1311,8.390625,-1474.9272
1312,8.390625,-1487.219
1313,8.390625,-1495.4236
1314,8.390625,-1499.5087
1315,8.40625,-1499.4538
1316,8.40625,-1495.2494
1317,8.40625,-1486.8984
1318,8.40625,-1474.4138
1319,8.40625,-1457.8204
1320,8.40625,-1437.1562
1321,8.40625,-1412.4704
1322,8.40625,-1383.8206
1323,8.40625,-1351.2802
1324,8.40625,-1314.9291
1325,8.40625,-1274.8604
1326,8.40625,-1231.1812
1327,8.421875,-1184.0066
1328,8.421875,-1133.4582
1329,8.421875,-1079.675
1330,8.421875,-1022.79784
1331,8.421875,-962.98472
1332,8.421875,-900.3945
1333,8.421875,-835.203236
1334,8.4375,-767.58576
1335,8.4375,-697.7342
1336,8.4375,-625.8378
1337,8.4375,-552.10268
1338,8.4375,-476.730368
1339,8.453125,-399.9387
1340,8.453125,-321.93936
1341,8.453125,-242.959552
1342,8.453125,-163.2188
1343,8.453125,-82.95103
1344,8.453125,-2.3869086
1345,8.46875,78.24696
1346,8.46875,158.71716
1347,8.46875,238.784208
1348,8.46875,318.22024
1349,8.46875,396.787136
1350,8.484375,474.25416
1351,8.484375,550.39824
1352,8.484375,624.9938
1353,8.484375,697.8138
1354,8.484375,768.641
1355,8.5,837.26824
1356,8.5,903.4885
1357,8.5,967.09688
1358,8.5,1027.9003
1359,8.5,1085.7173
1360,8.5,1140.3662
1361,8.5,1191.6821
1362,8.515625,1239.5052
1363,8.515625,1283.6791
1364,8.515625,1324.074
1365,8.515625,1360.5549
1366,8.515625,1393.0049
1367,8.515625,1421.3203
1368,8.53125,1445.4056
1369,8.53125,1465.1808
1370,8.53125,1480.5757
1371,8.53125,1491.5355
1372,8.53125,1498.017
1373,8.53125,1499.991
1374,8.546875,1497.4415
1375,8.546875,1490.3664
1376,8.546875,1478.7775
1377,8.546875,1462.7006
1378,8.5625,1442.172
1379,8.5625,1417.2486
1380,8.5625,1387.994
1381,8.5625,1354.487
1382,8.5625,1316.8235
1383,8.5625,1275.1096
1384,8.578125,1229.4584
1385,8.578125,1180.0105
1386,8.578125,1126.9033
1387,8.59375,1070.2918
1388,8.59375,1010.3465
1389,8.59375,947.24552
1390,8.59375,881.1726
1391,8.609375,812.33024
1392,8.609375,740.92092
1393,8.640625,667.16048
1394,8.640625,591.2779
1395,8.640625,513.5049
1396,8.640625,434.0745
1397,8.640625,353.23624
1398,8.640625,271.23422
1399,8.65625,188.3224
1400,8.65625,104.77001
1401,8.65625,20.820754
1402,8.65625,-63.251004
1403,8.671875,-147.18098
1404,8.671875,-230.710068
1405,8.671875,-313.56816
1406,8.6875,-395.4976
1407,8.703125,-476.23148
1408,8.703125,-555.51168
1409,8.703125,-633.0939
1410,8.71875,-708.7122
1411,8.734375,-782.13732
1412,8.734375,-853.1152
1413,8.734375,-921.4244
1414,8.75,-986.84032
1415,8.75,-1049.1431
1416,8.75,-1108.1307
1417,8.765625,-1163.6027
1418,8.78125,-1215.3736
1419,8.78125,-1263.2726
1420,8.796875,-1307.1366
1421,8.828125,-1346.8124
1422,8.828125,-1382.1634
1423,8.84375,-1413.0685
1424,8.859375,-1439.4175
1425,8.875,-1461.1136
1426,8.875,-1478.0769
1427,8.90625,-1490.2432
1428,8.90625,-1497.5625
1429,8.90625,-1500.0
1430,8.953125,-1497.538
1431,8.953125,-1490.1742
1432,8.984375,-1477.9228
1433,9.0,-1460.813
1434,9.015625,-1438.8921
1435,9.03125,-1412.2204
1436,9.03125,-1380.8757
1437,9.078125,-1344.9562
1438,9.09375,-1304.5638
1439,9.125,-1259.8313
1440,9.140625,-1210.8886
1441,9.15625,-1157.899
1442,9.1875,-1101.0202
1443,9.21875,-1040.4443
1444,9.25,-976.3537
1445,9.25,-908.96744
1446,9.296875,-838.49568
1447,9.328125,-765.167236
1448,9.359375,-689.2271
1449,9.390625,-610.91956
1450,9.421875,-530.50808
1451,9.453125,-448.25364
1452,9.484375,-364.435068
1453,9.53125,-279.33212
1454,9.5625,-193.22422
1455,9.59375,-106.40055
1456,9.640625,-19.15959
1457,9.6875,68.20345
1458,9.734375,155.39768
1459,9.78125,242.126
1460,9.8125,328.08624
1461,9.859375,412.9836
1462,9.90625,496.53136
1463,9.953125,578.4408
1464,10.0,658.4173
1465,10.046875,736.1982
1466,10.09375,811.50136
1467,10.140625,884.063
1468,10.1875,953.63216
1469,10.234375,1019.95824
1470,10.28125,1082.8097
1471,10.328125,1141.9581
1472,10.375,1197.1948
1473,10.421875,1248.32
1474,10.453125,1295.1411
1475,10.5,1337.4958
1476,10.5,1375.2195
1477,10.578125,1408.1781
1478,10.625,1436.2408
1479,10.65625,1459.3035
1480,10.65625,1477.2746
1481,10.71875,1490.0798
1482,10.734375,1497.6646
1483,10.765625,1499.9908
1484,10.796875,1497.0402
1485,10.828125,1488.8124
1486,10.84375,1475.3264
1487,10.859375,1456.6168
1488,10.859375,1432.7433
1489,10.90625,1403.777
1490,10.90625,1369.8102
1491,10.9375,1330.9557
1492,10.9375,1287.3422
1493,10.9375,1239.1129
1494,10.9375,1186.43
1495,10.953125,1129.4762
1496,10.953125,1068.4473
1497,10.953125,1003.5494
1498,10.9375,935.00744
1499,10.9375,863.06936
1500,10.9375,787.97332
1501,10.9375,709.99256
1502,10.9375,629.403
1503,10.890625,546.4852
1504,10.875,461.53964
1505,10.859375,374.864368
1506,10.84375,286.77572
1507,10.84375,197.585068
1508,10.796875,107.61432
1509,10.765625,17.200874
1510,10.734375,-73.34376
1511,10.703125,-163.67224
1512,10.6875,-253.47114
1513,10.65625,-342.39384
1514,10.625,-430.12408
1515,10.59375,-516.33748
1516,10.5625,-600.7089
1517,10.53125,-682.9296
1518,10.5,-762.6873
1519,10.453125,-839.688
1520,10.421875,-913.6369
1521,10.390625,-984.255
1522,10.375,-1051.2826
1523,10.328125,-1114.4515
1524,10.296875,-1173.528
1525,10.28125,-1228.2837
1526,10.234375,-1278.5032
1527,10.21875,-1323.9907
1528,10.1875,-1364.5697
1529,10.15625,-1400.0788
1530,10.140625,-1430.3728
1531,10.109375,-1455.3285
1532,10.09375,-1474.8433
1533,10.0625,-1488.8324
1534,10.046875,-1497.2316
1535,10.03125,-1499.9998
1536,10.015625,-1497.1142
1537,10.0,-1488.5758
1538,9.984375,-1474.405
1539,9.984375,-1454.6453
1540,9.96875,-1429.3595
1541,9.9375,-1398.6343
1542,9.9375,-1362.5741
1543,9.9375,-1321.305
1544,9.921875,-1274.98
1545,9.921875,-1223.7572
1546,9.90625,-1167.8325
1547,9.90625,-1107.4
1548,9.90625,-1042.694
1549,9.90625,-973.9463
1550,9.90625,-901.4132
1551,9.90625,-825.370336
1552,9.90625,-746.0993
1553,9.90625,-663.9041
1554,9.90625,-579.0915
1555,9.921875,-491.989368
1556,9.921875,-402.9305
1557,9.953125,-312.24528
1558,9.953125,-220.29896
1559,9.96875,-127.43525
1560,9.96875,-34.013508
1561,9.984375,59.597724
1562,9.984375,153.03374
1563,9.984375,245.93506
1564,9.984375,337.93732
1565,10.0,428.673
1566,10.0,517.7842
1567,10.015625,604.92332
1568,10.015625,689.744
1569,10.03125,771.9029
1570,10.046875,851.0715
1571,10.0625,926.9364
1572,10.0625,999.18712
1573,10.078125,1067.5354
1574,10.09375,1131.699
1575,10.109375,1191.4193
1576,10.109375,1246.4502
1577,10.125,1296.5581
1578,10.140625,1341.5431
1579,10.140625,1381.2079
1580,10.15625,1415.3914
1581,10.171875,1443.9403
1582,10.1875,1466.7351
1583,10.1875,1483.6691
1584,10.203125,1494.6666
1585,10.21875,1499.67
1586,10.234375,1498.649
1587,10.234375,1491.596
1588,10.25,1478.5281
1589,10.25,1459.4858
1590,10.28125,1434.5362
1591,10.28125,1403.7676
1592,10.28125,1367.2952
1593,10.296875,1325.2568
1594,10.3125,1277.8103
1595,10.3125,1225.1377
1596,10.328125,1167.4469
1597,10.328125,1104.964
1598,10.328125,1037.9313
1599,10.34375,966.61384
1600,10.34375,891.2997
1601,10.359375,812.2901
1602,10.359375,729.8977
1603,10.375,644.45416
1604,10.375,556.31024
1605,10.375,465.82412
1606,10.390625,373.359
1607,10.390625,279.29836
1608,10.390625,184.02238
1609,10.390625,87.92297
1610,10.390625,-8.591802
1611,10.390625,-105.13947
1612,10.390625,-201.307652
1613,10.390625,-296.6957
1614,10.390625,-390.91074
1615,10.390625,-483.5521
1616,10.390625,-574.2357
1617,10.390625,-662.57352
1618,10.390625,-748.1968
1619,10.40625,-830.73668
1620,10.390625,-909.8415
1621,10.40625,-985.181632
1622,10.40625,-1056.42
1623,10.40625,-1123.2578
1624,10.40625,-1185.4048
1625,10.421875,-1242.5863
1626,10.421875,-1294.5548
1627,10.4375,-1341.0776
1628,10.4375,-1381.9484
1629,10.4375,-1416.9874
1630,10.4375,-1446.029
1631,10.453125,-1468.9425
1632,10.453125,-1485.6186
1633,10.46875,-1495.9738
1634,10.46875,-1499.9526
1635,10.5,-1497.5267
1636,10.5,-1488.6942
1637,10.515625,-1473.4827
1638,10.53125,-1451.9429
1639,10.546875,-1424.1577
1640,10.546875,-1390.2358
1641,10.5625,-1350.3098
1642,10.578125,-1304.5404
1643,10.59375,-1253.1201
1644,10.609375,-1196.2518
1645,10.625,-1134.1775
1646,10.625,-1067.1572
1647,10.65625,-995.468432
1648,10.671875,-919.417968
1649,10.6875,-839.32416
1650,10.703125,-755.5326
1651,10.703125,-668.3969
1652,10.734375,-578.2961
1653,10.734375,-485.6131
1654,10.734375,-390.7538
1655,10.765625,-294.12408
1656,10.78125,-196.149868
1657,10.78125,-97.25874
1658,10.796875,2.1278556
1659,10.8125,101.55649
1660,10.828125,200.60074
1661,10.828125,298.82312
1662,10.828125,395.782768
1663,10.828125,491.0545
1664,10.828125,584.208
1665,10.828125,674.82696
1666,10.828125,762.51
1667,10.828125,846.862
1668,10.8125,927.49716
1669,10.8125,1004.05
1670,10.796875,1076.1763
1671,10.796875,1143.5459
1672,10.78125,1205.8452
1673,10.765625,1262.787
1674,10.75,1314.1098
1675,10.75,1359.5728
1676,10.75,1398.9567
1677,10.75,1432.0804
1678,10.6875,1458.7794
1679,10.640625,1478.9221
1680,10.625,1492.4074
1681,10.609375,1499.1615
1682,10.59375,1499.1421
1683,10.5625,1492.3375
1684,10.515625,1478.766
1685,10.5,1458.4777
1686,10.46875,1431.5515
1687,10.4375,1398.1
1688,10.390625,1358.2618
1689,10.390625,1312.2096
1690,10.359375,1260.1396
1691,10.359375,1202.2824
1692,10.28125,1138.889
1693,10.25,1070.2436
1694,10.21875,996.6478
1695,10.1875,918.43508
1696,10.15625,835.9571
1697,10.125,749.5813
1698,10.09375,659.69852
1699,10.0625,566.72236
1700,10.03125,471.0715
1701,10.015625,373.18904
1702,9.984375,273.52432
1703,9.953125,172.53062
1704,9.921875,70.674252
1705,9.90625,-31.567372
1706,9.859375,-133.7193
1707,9.84375,-235.31134
1708,9.84375,-335.86316
1709,9.796875,-434.90912
1710,9.796875,-531.9835
1711,9.796875,-626.6233
1712,9.71875,-718.381
1713,9.71875,-806.8263
1714,9.6875,-891.5332
1715,9.6875,-972.1017
1716,9.65625,-1048.1408
1717,9.625,-1119.2884
1718,9.625,-1185.2002
1719,9.59375,-1245.5487
1720,9.59375,-1300.0487
1721,9.578125,-1348.4231
1722,9.546875,-1390.44
1723,9.546875,-1425.8818
1724,9.546875,-1454.5746
1725,9.546875,-1476.3655
1726,9.546875,-1491.1416
1727,9.546875,-1498.8198
1728,9.546875,-1499.3506
1729,9.546875,-1492.719
1730,9.546875,-1478.9447
1731,9.546875,-1458.0804
1732,9.546875,-1430.2152
1733,9.546875,-1395.4713
1734,9.546875,-1354.0015
1735,9.546875,-1305.9933
1736,9.5625,-1251.6694
1737,9.5625,-1191.281
1738,9.5625,-1125.1062
1739,9.578125,-1053.4542
1740,9.59375,-976.6663
1741,9.59375,-895.106
1742,9.625,-809.156
1743,9.625,-719.226
1744,9.640625,-625.75104
1745,9.65625,-529.1804
1746,9.671875,-429.97384
1747,9.6875,-328.61628
1748,9.6875,-225.59338
1749,9.6875,-121.405944
1750,9.75,-16.567614
1751,9.765625,88.408936
1752,9.78125,193.014652
1753,9.8125,296.7294
1754,9.828125,399.0474
1755,9.859375,499.45688
1756,9.875,597.4653
1757,9.90625,692.5795
1758,9.921875,784.33
1759,9.9375,872.2524
1760,9.96875,955.9094
1761,10.0,1034.8748
1762,10.015625,1108.7489
1763,10.03125,1177.1638
1764,10.0625,1239.7587
1765,10.0625,1296.2195
1766,10.109375,1346.2534
1767,10.125,1389.5975
1768,10.15625,1426.0261
1769,10.1875,1455.3433
1770,10.203125,1477.3906
1771,10.234375,1492.0464
1772,10.25,1499.2242
1773,10.265625,1498.8748
1774,10.28125,1490.9876
1775,10.28125,1475.5892
1776,10.328125,1452.7442
1777,10.359375,1422.5562
1778,10.375,1385.1659
1779,10.390625,1340.7484
1780,10.421875,1289.5162
1781,10.4375,1231.7235
1782,10.453125,1167.6433
1783,10.46875,1097.5968
1784,10.5,1021.931
1785,10.5,941.0175
1786,10.53125,855.26448
1787,10.546875,765.0966
1788,10.5625,670.97236
1789,10.5625,573.3612
1790,10.5625,472.76248
1791,10.578125,369.676068
1792,10.59375,264.6489
1793,10.59375,158.1952
1794,10.609375,50.871384
1795,10.625,-56.78275
1796,10.625,-164.18991
1797,10.625,-270.81816
1798,10.625,-376.10384
1799,10.625,-479.5004
1800,10.625,-580.47984
1801,10.625,-678.50384
1802,10.625,-773.05896
1803,10.625,-863.6483
1804,10.625,-949.8036
1805,10.625,-1031.0506
1806,10.640625,-1106.9756
1807,10.640625,-1177.1721
1808,10.640625,-1241.2493
1809,10.640625,-1298.876
1810,10.640625,-1349.733
1811,10.640625,-1393.5433
1812,10.640625,-1430.0693
1813,10.640625,-1459.0998
1814,10.640625,-1480.4764
1815,10.65625,-1494.0723
1816,10.65625,-1499.8004
1817,10.65625,-1497.6194
1818,10.671875,-1487.5274
1819,10.671875,-1469.5652
1820,10.6875,-1443.8157
1821,10.6875,-1410.3989
1822,10.703125,-1369.4827
1823,10.703125,-1321.2724
1824,10.703125,-1266.0131
1825,10.703125,-1203.9807
1826,10.71875,-1135.5008
1827,10.71875,-1060.9287
1828,10.734375,-980.6529
1829,10.75,-895.08456
1830,10.75,-804.6813
1831,10.765625,-709.9202
1832,10.765625,-611.3027
1833,10.765625,-509.3413
1834,10.765625,-404.58924
1835,10.765625,-297.60574
1836,10.78125,-188.96378
1837,10.78125,-79.23512
1838,10.78125,30.966722
1839,10.78125,141.06974
1840,10.796875,250.477884
1841,10.78125,358.57476
1842,10.78125,464.79464
1843,10.765625,568.5466
1844,10.765625,669.26292
1845,10.765625,766.401
1846,10.765625,859.4061
1847,10.75,947.78408
1848,10.734375,1031.0437
1849,10.71875,1108.7052
1850,10.71875,1180.351
1851,10.703125,1245.571
1852,10.6875,1303.9979
1853,10.65625,1355.3008
1854,10.640625,1399.1906
1855,10.625,1435.409
1856,10.609375,1463.745
1857,10.578125,1484.0317
1858,10.5625,1496.1406
1859,10.53125,1499.995
1860,10.5,1495.5588
1861,10.5,1482.8424
1862,10.453125,1461.906
1863,10.4375,1432.8488
1864,10.390625,1395.8214
1865,10.375,1351.0124
1866,10.34375,1298.6686
1867,10.328125,1239.0591
1868,10.28125,1172.5101
1869,10.265625,1099.3827
1870,10.234375,1020.06696
1871,10.1875,935.0044
1872,10.171875,844.6626
1873,10.140625,749.54
1874,10.109375,650.1528
1875,10.09375,547.073
1876,10.0625,440.853936
1877,10.03125,332.08796
1878,10.03125,221.4063
1879,9.984375,109.40814
1880,9.9375,-3.264693
1881,9.9375,-115.976136
1882,9.9375,-228.0996
1883,9.890625,-338.97612
1884,9.859375,-447.99736
1885,9.828125,-554.5407
1886,9.8125,-657.9752
1887,9.734375,-757.72832
1888,9.734375,-853.2157
1889,9.71875,-943.8862
1890,9.71875,-1029.2151
1891,9.6875,-1108.7142
1892,9.6875,-1181.9112
1893,9.6875,-1248.3772
1894,9.671875,-1307.7211
1895,9.65625,-1359.5961
1896,9.65625,-1403.687
1897,9.640625,-1439.7284
1898,9.625,-1467.5004
1899,9.625,-1486.8323
1900,9.625,-1497.5964
1901,9.625,-1499.7178
1902,9.609375,-1493.171
1903,9.609375,-1477.9791
1904,9.609375,-1454.2174
1905,9.625,-1422.0108
1906,9.609375,-1381.5333
1907,9.625,-1333.0028
1908,9.625,-1276.6991
1909,9.625,-1212.9272
1910,9.625,-1142.0456
1911,9.640625,-1064.4716
1912,9.65625,-980.6327
1913,9.65625,-891.01736
1914,9.65625,-796.1416
1915,9.6875,-696.54344
1916,9.6875,-592.80944
1917,9.703125,-485.54264
1918,9.71875,-375.36844
1919,9.734375,-262.93082
1920,9.75,-148.8774
1921,9.765625,-33.88947
1922,9.78125,81.35549
1923,9.796875,196.188176
1924,9.828125,309.9059
1925,9.84375,421.856136
1926,9.859375,531.36116
1927,9.875,637.7779
1928,9.90625,740.44868
1929,9.90625,838.7775
1930,9.9375,932.1623
1931,9.953125,1020.04784
1932,9.984375,1101.8842
1933,10.0,1177.1898
1934,10.015625,1245.4966
1935,10.03125,1306.3912
1936,10.0625,1359.4857
1937,10.078125,1404.4609
1938,10.078125,1441.029
1939,10.125,1468.9603
1940,10.140625,1488.0686
1941,10.171875,1498.2295
1942,10.1875,1499.3663
1943,10.203125,1491.4589
1944,10.21875,1474.5396
1945,10.234375,1448.6976
1946,10.265625,1414.0764
1947,10.28125,1370.8728
1948,10.3125,1319.3362
1949,10.3125,1259.7608
1950,10.34375,1192.5016
1951,10.359375,1117.9564
1952,10.359375,1036.5603
1953,10.390625,948.80632
1954,10.390625,855.2206
1955,10.4375,756.36616
1956,10.4375,652.8397
1957,10.453125,545.2575
1958,10.484375,434.28244
1959,10.484375,320.59032
1960,10.5,204.87508
1961,10.5,87.83339
1962,10.515625,-29.805422
1963,10.53125,-147.31778
1964,10.546875,-263.99042
1965,10.5625,-379.07956
1966,10.5625,-491.89436
1967,10.5625,-601.72252
1968,10.578125,-707.8902
1969,10.578125,-809.7137
1970,10.59375,-906.5748
1971,10.59375,-997.855
1972,10.609375,-1082.9867
1973,10.609375,-1161.415
1974,10.625,-1232.657
1975,10.625,-1296.2502
1976,10.625,-1351.7866
1977,10.640625,-1398.912
1978,10.640625,-1437.3136
1979,10.65625,-1466.7386
1980,10.65625,-1486.9896
1981,10.671875,-1497.9269
1982,10.6875,-1499.4664
1983,10.703125,-1491.585
1984,10.703125,-1474.3162
1985,10.703125,-1447.7583
1986,10.71875,-1412.0602
1987,10.734375,-1367.4363
1988,10.75,-1314.1555
1989,10.75,-1252.5421
1990,10.765625,-1182.967
1991,10.765625,-1105.8652
1992,10.78125,-1021.71452
1993,10.796875,-931.0303
1994,10.8125,-834.3964
1995,10.828125,-732.400736
1996,10.84375,-625.6834
1997,10.84375,-514.9382
1998,10.859375,-400.84472
1999,10.859375,-284.13728
2000,10.859375,-165.55812
2001,10.859375,-45.863328
2002,10.875,74.19354
2003,10.875,193.8318
2004,10.875,312.28304
2005,10.875,428.78464
2006,10.875,542.59532
2007,10.875,652.95704
2008,10.875,759.1847
2009,10.859375,860.55632
2010,10.859375,956.4209
2011,10.84375,1046.1592
2012,10.828125,1129.1728
2013,10.8125,1204.9213
2014,10.78125,1272.8889
2015,10.765625,1332.6365
2016,10.765625,1383.7574
2017,10.734375,1425.9072
2018,10.703125,1458.8015
2019,10.703125,1482.2068
2020,10.703125,1495.9612
2021,10.640625,1499.9586
2022,10.609375,1494.1584
2023,10.59375,1478.5836
2024,10.5625,1453.3223
2025,10.515625,1418.5264
2026,10.5,1374.4061
2027,10.453125,1321.2462
2028,10.4375,1259.3734
2029,10.390625,1189.187
2030,10.359375,1111.1296
2031,10.328125,1025.7197
2032,10.328125,933.4942
2033,10.25,835.05096
2034,10.234375,731.0504
2035,10.234375,622.1536
2036,10.15625,509.0955
2037,10.109375,392.58752
2038,10.09375,273.43044
2039,10.046875,152.39
2040,10.046875,30.291088
2041,9.984375,-92.08924
2042,9.953125,-213.90162
2043,9.921875,-334.34432
2044,9.890625,-452.622216
2045,9.859375,-567.93052
2046,9.828125,-679.50396
2047,9.796875,-786.56936
2048,9.765625,-888.42264
2049,9.75,-984.36308
2050,9.734375,-1073.738
2051,9.640625,-1155.9448
2052,9.640625,-1230.4118
2053,9.609375,-1296.6262
2054,9.609375,-1354.1306
2055,9.59375,-1402.5244
2056,9.59375,-1441.4714
2057,9.578125,-1470.6902
2058,9.578125,-1489.9695
2059,9.5625,-1499.165
2060,9.546875,-1498.1985
2061,9.546875,-1487.0636
2062,9.546875,-1465.8176
2063,9.53125,-1434.5953
2064,9.515625,-1393.5897
2065,9.515625,-1343.0691
2066,9.515625,-1283.3651
2067,9.515625,-1214.8723
2068,9.515625,-1138.0394
2069,9.515625,-1053.3862
2070,9.515625,-961.4819
2071,9.515625,-862.9459
2072,9.515625,-758.43552
2073,9.515625,-648.66892
2074,9.515625,-534.3934
2075,9.515625,-416.38884
2076,9.53125,-295.45178
2077,9.53125,-172.42252
2078,9.546875,-48.147184
2079,9.546875,76.517584
2080,9.546875,200.72184
2081,9.5625,323.59388
2082,9.5625,444.2807
2083,9.578125,561.94256
2084,9.59375,675.76888
2085,9.59375,784.943
2086,9.609375,888.7192
2087,9.625,986.36632
2088,9.640625,1077.1777
2089,9.65625,1160.5274
2090,9.65625,1235.8144
2091,9.6875,1302.5022
2092,9.6875,1360.117
2093,9.703125,1408.2328
2094,9.734375,1446.5082
2095,9.75,1474.6564
2096,9.765625,1492.4672
2097,9.78125,1499.7984
2098,9.796875,1496.5839
2099,9.828125,1482.832
2100,9.828125,1458.6254
2101,9.859375,1424.117
2102,9.875,1379.538
2103,9.90625,1325.1898
2104,9.921875,1261.4437
2105,9.9375,1188.7312
2106,9.953125,1107.5607
2107,9.984375,1018.4969
2108,10.0,922.16132
2109,10.015625,819.2191
2110,10.03125,710.40232
2111,10.046875,596.47784
2112,10.078125,478.250832
2113,10.09375,356.54772
2114,10.109375,232.24356
2115,10.140625,106.22343
2116,10.15625,-20.613362
2117,10.1875,-147.37097
2118,10.1875,-273.1179
2119,10.234375,-396.9731
2120,10.25,-518.0439
2121,10.265625,-635.4344
2122,10.265625,-748.3159
2123,10.3125,-855.858736
2124,10.328125,-957.2802
2125,10.34375,-1051.8485
2126,10.375,-1138.862
2127,10.375,-1217.6813
2128,10.421875,-1287.7251
2129,10.4375,-1348.4741
2130,10.46875,-1399.4798
2131,10.5,-1440.353
2132,10.515625,-1470.7832
2133,10.515625,-1490.5364
2134,10.5625,-1499.451
2135,10.59375,-1497.4494
2136,10.59375,-1484.5298
2137,10.640625,-1460.7696
2138,10.671875,-1426.332
2139,10.703125,-1381.4485
2140,10.734375,-1326.4307
2141,10.75,-1261.6778
2142,10.78125,-1187.6402
2143,10.8125,-1104.8619
2144,10.84375,-1013.9162
2145,10.859375,-915.484
2146,10.875,-810.27184
2147,10.90625,-699.03544
2148,10.9375,-582.5961
2149,10.9375,-461.79536
2150,10.96875,-337.541
2151,11.0,-210.72512
2152,11.015625,-82.293784
2153,11.03125,46.803856
2154,11.046875,175.62296
2155,11.046875,303.19564
2156,11.046875,428.572668
2157,11.046875,550.8189
2158,11.0625,669.0309
2159,11.0625,782.30176
2160,11.0625,889.8006
2161,11.0625,990.71592
2162,11.046875,1084.2673
2163,11.046875,1169.7623
2164,11.046875,1246.5416
2165,11.015625,1314.0188
2166,11.0,1371.6755
2167,10.984375,1419.0702
2168,10.953125,1455.8275
2169,10.9375,1481.6572
2170,10.90625,1496.3513
2171,10.875,1499.782
2172,10.84375,1491.9089
2173,10.8125,1472.776
2174,10.78125,1442.5098
2175,10.734375,1401.3254
2176,10.703125,1349.5255
2177,10.65625,1287.4732
2178,10.625,1215.6404
2179,10.5625,1134.5469
2180,10.53125,1044.8102
2181,10.484375,947.0767
2182,10.4375,842.1041
2183,10.390625,730.67392
2184,10.390625,613.6165
2185,10.28125,491.82704
2186,10.234375,366.21816
2187,10.1875,237.766832
2188,10.140625,107.42959
2189,10.09375,-23.786866
2190,10.03125,-154.87806
2191,10.0,-284.84956
2192,9.953125,-412.6904
2193,9.90625,-537.41532
2194,9.859375,-658.061
2195,9.8125,-773.6931
2196,9.765625,-883.4235
2197,9.734375,-986.3879
2198,9.6875,-1081.7825
2199,9.65625,-1168.8674
2200,9.609375,-1246.9498
2201,9.578125,-1315.4136
2202,9.546875,-1373.7156
2203,9.515625,-1421.3905
2204,9.484375,-1458.0574
2205,9.453125,-1483.4121
2206,9.4375,-1497.2433
2207,9.40625,-1499.4278
2208,9.40625,-1489.9328
2209,9.375,-1468.816
2210,9.34375,-1436.2274
2211,9.328125,-1392.4068
2212,9.3125,-1337.677
2213,9.296875,-1272.4554
2214,9.265625,-1197.2394
2215,9.234375,-1112.6058
2216,9.21875,-1019.1981
2217,9.21875,-917.7456
2218,9.21875,-809.0354
2219,9.203125,-693.9135
2220,9.203125,-573.26764
2221,9.1875,-448.05136
2222,9.1875,-319.24668
2223,9.1875,-187.866136
2224,9.171875,-54.933284
2225,9.171875,78.47958
2226,9.171875,211.339568
2227,9.15625,342.5927
2228,9.15625,471.173468
2229,9.15625,596.07948
2230,9.140625,716.3023
2231,9.140625,830.8797
2232,9.140625,938.90136
2233,9.140625,1039.4798
2234,9.140625,1131.8206
2235,9.140625,1215.1736
2236,9.140625,1288.8476
2237,9.140625,1352.2534
2238,9.140625,1404.8638
2239,9.140625,1446.2433
2240,9.140625,1476.0462
2241,9.140625,1494.0192
2242,9.15625,1499.9999
2243,9.15625,1493.925
2244,9.15625,1475.8262
2245,9.171875,1445.8366
2246,9.171875,1404.1777
2247,9.171875,1351.1732
2248,9.171875,1287.2304
2249,9.1875,1212.8633
2250,9.1875,1128.6473
2251,9.1875,1035.258
2252,9.203125,933.43144
2253,9.203125,824.0
2254,9.21875,707.824036
2255,9.234375,585.84784
2256,9.25,459.0561
2257,9.25,328.4635
2258,9.265625,195.13988
2259,9.265625,60.1689
2260,9.28125,-75.34994
2261,9.296875,-210.32172
2262,9.3125,-343.619564
2263,9.3125,-474.172936
2264,9.328125,-600.9083
2265,9.34375,-722.7606
2266,9.359375,-838.7444
2267,9.375,-947.8891
2268,9.375,-1049.2891
2269,9.40625,-1142.108
2270,9.4375,-1225.5549
2271,9.453125,-1298.9447
2272,9.46875,-1361.6516
2273,9.46875,-1413.1484
2274,9.515625,-1452.99
2275,9.546875,-1480.8319
2276,9.546875,-1496.4287
2277,9.59375,-1499.6358
2278,9.625,-1490.4097
2279,9.65625,-1468.8107
2280,9.6875,-1435.0024
2281,9.703125,-1389.251
2282,9.734375,-1331.9166
2283,9.78125,-1263.4656
2284,9.828125,-1184.4547
2285,9.859375,-1095.53
2286,9.90625,-997.41292
2287,9.90625,-890.91908
2288,9.984375,-776.92868
2289,10.015625,-656.3869
2290,10.0625,-530.2848
2291,10.109375,-399.693936
2292,10.140625,-265.67188
2293,10.1875,-129.37338
2294,10.1875,8.069399
2295,10.28125,145.51266
2296,10.3125,281.7872
2297,10.359375,415.7427
2298,10.40625,546.2566
2299,10.4375,672.21108
2300,10.484375,792.5357
2301,10.515625,906.205536
2302,10.515625,1012.2584
2303,10.609375,1109.7683
2304,10.625,1197.914
2305,10.625,1275.9269
2306,10.703125,1343.1366
2307,10.71875,1398.9513
2308,10.75,1442.8817
2309,10.765625,1474.539
2310,10.765625,1493.638
2311,10.828125,1499.9999
2312,10.84375,1493.553
2313,10.859375,1474.3362
2314,10.875,1442.4983
2315,10.890625,1398.2921
2316,10.90625,1342.0834
2317,10.921875,1274.3394
2318,10.9375,1195.6277
2319,10.9375,1106.6032
2320,10.9375,1008.0249
2321,10.9375,900.72984
2322,10.9375,785.63132
2323,10.9375,663.7021
2324,10.921875,535.9951
2325,10.921875,403.60638
2326,10.90625,267.6746
2327,10.890625,129.36006
2328,10.875,-10.131217
2329,10.859375,-149.59168
2330,10.859375,-287.81152
2331,10.828125,-423.5893
2332,10.796875,-555.7528
2333,10.78125,-683.137
2334,10.78125,-804.6272
2335,10.75,-919.1668
2336,10.71875,-1025.7383
2337,10.703125,-1123.4021
2338,10.6875,-1211.294
2339,10.671875,-1288.6339
2340,10.640625,-1354.737
2341,10.625,-1409.0044
2342,10.59375,-1450.9456
2343,10.578125,-1480.1797
2344,10.5625,-1496.4297
2345,10.53125,-1499.5398
2346,10.515625,-1489.4632
2347,10.5,-1466.2743
2348,10.484375,-1430.1577
2349,10.46875,-1381.4174
2350,10.4375,-1320.4679
2351,10.4375,-1247.8329
2352,10.421875,-1164.1329
2353,10.40625,-1070.1004
2354,10.390625,-966.55532
2355,10.390625,-854.4038
2356,10.375,-734.62008
2357,10.359375,-608.26684
2358,10.34375,-476.458836
2359,10.34375,-340.36136
2360,10.328125,-201.169052
2361,10.328125,-60.1402736
2362,10.328125,81.49276
2363,10.3125,222.4671
2364,10.296875,361.500436
2365,10.296875,497.37024
2366,10.296875,628.846
2367,10.28125,754.74536
2368,10.28125,873.9431
2369,10.265625,985.3515
2370,10.265625,1087.9614
2371,10.25,1180.8404
2372,10.234375,1263.1421
2373,10.234375,1334.1183
2374,10.234375,1393.109
2375,10.203125,1439.5682
2376,10.203125,1473.0641
2377,10.203125,1493.2731
2378,10.1875,1499.9999
2379,10.1875,1493.1643
2380,10.140625,1472.8129
2381,10.140625,1439.1106
2382,10.140625,1392.3479
2383,10.140625,1332.9336
2384,10.125,1261.392
2385,10.125,1178.3517
2386,10.125,1084.5593
2387,10.109375,980.8562
2388,10.109375,868.1753
2389,10.109375,747.5233
2390,10.109375,620.0007
2391,10.09375,486.76408
2392,10.09375,349.02472
2393,10.078125,208.02612
2394,10.078125,65.06646
2395,10.078125,-78.5463
2396,10.0625,-221.495652
2397,10.0625,-362.4796
2398,10.0625,-500.1782
2399,10.0625,-633.34316
2400,10.0625,-760.74208
2401,10.046875,-881.1747
2402,10.046875,-993.54132
2403,10.046875,-1096.7856
2404,10.0625,-1189.9438
2405,10.0625,-1272.1487
2406,10.0625,-1342.619
2407,10.0625,-1400.6887
2408,10.0625,-1445.8047
2409,10.0625,-1477.5336
2410,10.078125,-1495.5658
2411,10.078125,-1499.7145
2412,10.09375,-1489.9248
2413,10.09375,-1466.2687
2414,10.109375,-1428.9538
2415,10.125,-1378.3059
2416,10.140625,-1314.7839
2417,10.140625,-1238.959
2418,10.171875,-1151.5296
2419,10.1875,-1053.3074
2420,10.203125,-945.1748
2421,10.203125,-828.1568
2422,10.234375,-703.32152
2423,10.265625,-571.8396
2424,10.28125,-434.93768
2425,10.296875,-293.8957
2426,10.3125,-150.02353
2427,10.3125,-4.6944836
2428,10.34375,140.75852
2429,10.375,284.93018
2430,10.390625,426.4703
2431,10.40625,564.05
2432,10.421875,696.3532
2433,10.4375,822.131936
2434,10.453125,940.1683
2435,10.484375,1049.3533
2436,10.5,1148.6318
2437,10.5,1237.05
2438,10.515625,1313.7612
2439,10.53125,1378.0149
2440,10.546875,1429.1854
2441,10.5625,1466.7702
2442,10.5625,1490.3954
2443,10.578125,1499.8193
2444,10.578125,1494.9331
2445,10.59375,1475.7667
2446,10.59375,1442.4836
2447,10.609375,1395.3906
2448,10.609375,1334.9155
2449,10.625,1261.619
2450,10.625,1176.2004
2451,10.625,1079.4524
2452,10.625,972.2972
2453,10.625,855.75304
2454,10.609375,730.930368
2455,10.609375,599.01084
2456,10.59375,461.26712
2457,10.59375,319.02112
2458,10.59375,173.64064
2459,10.578125,26.515076
2460,10.578125,-120.92375
2461,10.5625,-267.24942
2462,10.5625,-411.04352
2463,10.546875,-550.92016
2464,10.546875,-685.5065
2465,10.53125,-813.4897
2466,10.515625,-933.6188
2467,10.5,-1044.7246
2468,10.5,-1145.6984
2469,10.5,-1235.567
2470,10.484375,-1313.4194
2471,10.484375,-1378.4899
2472,10.46875,-1430.1315
2473,10.46875,-1467.8187
2474,10.46875,-1491.1669
2475,10.46875,-1499.931
2476,10.453125,-1494.006
2477,10.4375,-1473.4329
2478,10.453125,-1438.3968
2479,10.4375,-1389.225
2480,10.4375,-1326.379
2481,10.4375,-1250.4644
2482,10.453125,-1162.2132
2483,10.453125,-1062.4726
2484,10.453125,-952.2279
2485,10.453125,-832.5377
2486,10.46875,-704.5712
2487,10.46875,-569.60296
2488,10.46875,-428.93928
2489,10.484375,-283.97604
2490,10.5,-136.14442
2491,10.5,13.0933
2492,10.5,162.26946
2493,10.5,309.89116
2494,10.5,454.48952
2495,10.5,594.623
2496,10.5,728.9016
2497,10.515625,855.970064
2498,10.515625,974.55304
2499,10.515625,1083.4579
2500,10.515625,1181.5929
2501,10.515625,1267.9503
2502,10.5,1341.666
2503,10.5,1401.9848
2504,10.5,1448.2776
2505,10.5,1480.0718
2506,10.5,1497.0274
2507,10.5,1498.9572
2508,10.484375,1485.8234
2509,10.46875,1457.7399
2510,10.46875,1414.9725
2511,10.453125,1357.9354
2512,10.4375,1287.1872
2513,10.4375,1203.4194
2514,10.4375,1107.468
2515,10.421875,1000.28868
2516,10.40625,882.9434
2517,10.40625,756.6163
2518,10.390625,622.5769
2519,10.390625,482.175384
2520,10.375,336.82904
2521,10.359375,187.99662
2522,10.34375,37.1975868
2523,10.328125,-114.036576
2524,10.328125,-264.1671
2525,10.3125,-411.6745
2526,10.296875,-555.04064
2527,10.296875,-692.798
2528,10.28125,-823.53376
2529,10.28125,-945.9129
2530,10.25,-1058.6642
2531,10.25,-1160.6302
2532,10.234375,-1250.7388
2533,10.234375,-1328.0556
2534,10.234375,-1391.7934
2535,10.21875,-1441.2602
2536,10.21875,-1475.9391
2537,10.21875,-1495.4513
2538,10.21875,-1499.5822
2539,10.21875,-1488.271
2540,10.21875,-1461.6154
2541,10.21875,-1419.8695
2542,10.21875,-1363.4442
2543,10.21875,-1292.9144
2544,10.21875,-1208.9966
2545,10.25,-1112.5162
2546,10.25,-1004.5014
2547,10.265625,-886.0105
2548,10.265625,-758.29392
2549,10.28125,-622.6481
2550,10.28125,-480.49356
2551,10.28125,-333.2799
2552,10.28125,-182.53224
2553,10.28125,-29.83896
2554,10.3125,123.23352
2555,10.328125,275.0664
2556,10.328125,424.0962
2557,10.34375,568.7621
2558,10.359375,707.52548
2559,10.359375,838.9485
2560,10.375,961.64492
2561,10.390625,1074.3014
2562,10.390625,1175.7417
2563,10.40625,1264.8736
2564,10.40625,1340.7606
2565,10.421875,1402.5874
2566,10.421875,1449.6784
2567,10.421875,1481.5286
2568,10.4375,1497.7818
2569,10.4375,1498.2472
2570,10.4375,1482.9022
2571,10.4375,1451.8934
2572,10.4375,1405.5267
2573,10.4375,1344.2722
2574,10.4375,1268.7704
2575,10.4375,1179.7947
2576,10.453125,1078.2703
2577,10.4375,965.2755
2578,10.453125,841.9809
2579,10.4375,709.703236
2580,10.4375,569.81992
2581,10.4375,423.8098
2582,10.4375,273.2427
2583,10.4375,119.6965
2584,10.4375,-35.171652
2585,10.4375,-189.7327
2586,10.4375,-342.33476
2587,10.421875,-491.3215
2588,10.40625,-635.1166
2589,10.40625,-772.17304
2590,10.40625,-900.994464
2591,10.40625,-1020.2088
2592,10.390625,-1128.5236
2593,10.390625,-1224.7473
2594,10.390625,-1307.835
2595,10.390625,-1376.8996
2596,10.390625,-1431.1588
2597,10.390625,-1470.0148
2598,10.390625,-1493.0374
2599,10.390625,-1499.9572
2600,10.390625,-1490.6782
2601,10.40625,-1465.2843
2602,10.40625,-1424.036
2603,10.40625,-1367.3468
2604,10.421875,-1295.8273
2605,10.421875,-1210.2395
2606,10.4375,-1111.4845
2607,10.4375,-1000.61692
2608,10.4375,-878.84456
2609,10.453125,-747.462036
2610,10.453125,-607.88668
2611,10.484375,-461.650016
2612,10.484375,-310.31754
2613,10.5,-155.53358
2614,10.5,0.9932936
2615,10.515625,157.57762
2616,10.515625,312.48474
2617,10.53125,464.0404
2618,10.53125,610.58044
2619,10.546875,750.4722
2620,10.5625,882.1947
2621,10.5625,1004.2741
2622,10.5625,1115.3768
2623,10.5625,1214.2673
2624,10.5625,1299.83
2625,10.5625,1371.1208
2626,10.5625,1427.3357
2627,10.5625,1467.8301
2628,10.5625,1492.1462
2629,10.5625,1499.9943
2630,10.5625,1491.2684
2631,10.5625,1466.0508
2632,10.5625,1424.5918
2633,10.546875,1367.3413
2634,10.546875,1294.9204
2635,10.53125,1208.1052
2636,10.53125,1107.8411
2637,10.5,995.2242
2638,10.5,871.5099
2639,10.5,738.0647
2640,10.5,596.32368
2641,10.46875,447.9183
2642,10.453125,294.43236
2643,10.4375,137.6164
2644,10.4375,-20.80427
2645,10.421875,-179.03796
2646,10.40625,-335.33734
2647,10.390625,-487.95012
2648,10.390625,-635.1408
2649,10.375,-775.2745
2650,10.359375,-906.7695
2651,10.34375,-1028.1213
2652,10.328125,-1137.9729
2653,10.328125,-1235.0608
2654,10.3125,-1318.2925
2655,10.296875,-1386.7041
2656,10.296875,-1439.5249
2657,10.28125,-1476.1238
2658,10.28125,-1496.0738
2659,10.28125,-1499.1346
2660,10.28125,-1485.2498
2661,10.265625,-1454.5599
2662,10.265625,-1407.3904
2663,10.265625,-1344.2543
2664,10.265625,-1265.8594
2665,10.265625,-1173.0676
2666,10.265625,-1066.9303
2667,10.28125,-948.6244
2668,10.28125,-819.47944
2669,10.28125,-680.9719
2670,10.28125,-534.6498
2671,10.28125,-382.17084
2672,10.296875,-225.289484
2673,10.3125,-65.7695
2674,10.3125,94.54709
2675,10.3125,253.85124
2676,10.328125,410.319
2677,10.328125,562.1337
2678,10.328125,707.5726
2679,10.328125,844.9596
2680,10.34375,972.69008
2681,10.359375,1089.3052
2682,10.359375,1193.4364
2683,10.359375,1283.8876
2684,10.359375,1359.6004
2685,10.359375,1419.676
2686,10.375,1463.4142
2687,10.375,1490.2869
2688,10.375,1499.9696
2689,10.375,1492.3287
2690,10.375,1467.435
2691,10.375,1425.5549
2692,10.375,1367.1515
2693,10.375,1292.8922
2694,10.375,1203.6107
2695,10.375,1100.324
2696,10.375,984.2314
2697,10.375,856.6707
2698,10.375,719.0751
2699,10.375,573.07184
2700,10.375,420.3542
2701,10.359375,262.6733
2702,10.359375,101.86211
2703,10.359375,-60.206048
2704,10.34375,-221.61652
2705,10.34375,-380.5043
2706,10.34375,-534.98584
2707,10.328125,-683.2696
2708,10.328125,-823.5911
2709,10.328125,-954.3169
2710,10.328125,-1073.9006
2711,10.328125,-1180.9241
2712,10.328125,-1274.1013
2713,10.328125,-1352.3253
2714,10.328125,-1414.6784
2715,10.328125,-1460.3886
2716,10.328125,-1488.9032
2717,10.328125,-1499.8722
2718,10.328125,-1493.1437
2719,10.328125,-1468.7797
2720,10.34375,-1427.046
2721,10.34375,-1368.4146
2722,10.34375,-1293.5696
2723,10.359375,-1203.3705
2724,10.375,-1098.8672
2725,10.375,-981.2991
2726,10.390625,-852.05064
2727,10.40625,-712.6068
2728,10.421875,-564.6517
2729,10.421875,-409.938136
2730,10.4375,-250.25704
2731,10.4375,-87.57225
2732,10.453125,76.24734
2733,10.46875,239.20266
2734,10.46875,399.36944
2735,10.5,554.8086
2736,10.5,703.67784
2737,10.5,844.1872
2738,10.5,974.6256
2739,10.515625,1093.4374
2740,10.53125,1199.169
2741,10.53125,1290.5522
2742,10.53125,1366.4716
2743,10.546875,1425.9878
2744,10.546875,1468.3764
2745,10.546875,1493.1054
2746,10.546875,1499.8551
2747,10.546875,1488.5293
2748,10.546875,1459.2388
2749,10.546875,1412.323
2750,10.546875,1348.3241
2751,10.53125,1268.0068
2752,10.53125,1172.3148
2753,10.53125,1062.4038
2754,10.515625,939.57576
2755,10.5,805.303936
2756,10.5,661.2035
2757,10.5,509.03424
2758,10.5,350.6382
2759,10.484375,187.91326
2760,10.46875,22.83427
2761,10.453125,-142.591
2762,10.453125,-306.32404
2763,10.4375,-466.38868
2764,10.421875,-620.80568
2765,10.421875,-767.70432
2766,10.40625,-905.26168
2767,10.390625,-1031.8209
2768,10.390625,-1145.7847
2769,10.390625,-1245.7466
2770,10.390625,-1330.4806
2771,10.359375,-1398.9286
2772,10.359375,-1450.2242
2773,10.359375,-1483.7264
2774,10.34375,-1499.0015
